2,1.0,77.23499999999999,1.0,77.23499999999999,1.341,56.7804
3,1.3416000000000003,84.78639999999997,1.3416000000000003,84.78639999999997,1.6546,69.10900000000001
4,1.6055999999999997,88.77099999999999,1.5657999999999999,90.91360000000003,1.9489999999999998,73.4894
5,1.8437999999999994,90.62519999999999,1.7816,93.69319999999999,2.1331999999999995,78.64659999999999
6,2.0178,92.69039999999997,1.9487999999999999,95.92919999999998,2.2892,81.92040000000001
7,2.1026000000000007,90.88340000000002,1.9897999999999996,95.9944,2.3462000000000005,81.72980000000001
8,2.3017999999999987,92.64039999999999,2.1958,97.11959999999998,2.6128000000000005,81.97980000000001
9,2.3672000000000004,93.30240000000002,2.2635999999999994,97.32219999999998,2.685999999999999,82.40519999999997
10,2.515000000000001,93.34880000000001,2.3988,97.73980000000003,2.7986,84.18999999999998
11,2.540199999999999,93.52279999999999,2.4145999999999996,98.2102,2.8018,85.04519999999998
12,2.625800000000001,93.11179999999999,2.4802000000000004,98.2968,2.8635999999999995,85.5686
13,2.6631999999999993,94.07700000000003,2.5396,98.4874,2.9150000000000005,86.19900000000001
14,2.7326000000000006,93.72120000000001,2.5916,98.5748,2.9499999999999993,86.8542
15,2.8894000000000015,93.58499999999998,2.7371999999999996,98.57659999999998,3.1828000000000003,85.12080000000002
16,2.833,93.82799999999999,2.6841999999999997,98.68860000000001,3.108200000000001,85.57140000000003
17,2.8949999999999996,93.49140000000001,2.7318000000000002,98.77860000000001,3.141000000000001,86.19239999999999
18,2.996600000000001,93.7738,2.8318000000000008,98.95120000000001,3.2209999999999996,87.31720000000003
19,3.0366000000000004,93.7608,2.8746000000000005,98.77380000000002,3.2936,86.58940000000001
20,3.1044000000000005,94.47439999999999,2.9593999999999987,98.8898,3.3310000000000004,88.19340000000003
21,3.1102,94.04520000000001,2.9476,98.92080000000001,3.331799999999999,87.86759999999997
22,3.1578000000000004,94.444,3.0078000000000005,98.93980000000002,3.3814000000000006,88.34980000000004
23,3.1642,94.15239999999999,3.0029999999999997,98.9586,3.3786000000000005,88.27560000000001
24,3.1682,93.29880000000003,2.9792,98.86179999999996,3.374000000000001,87.63879999999999
25,3.1915999999999993,94.89580000000002,3.0522000000000005,99.04459999999997,3.388000000000001,89.43980000000002
26,3.3661999999999996,93.4786,3.160800000000001,99.21500000000002,3.6033999999999993,87.40879999999999
27,3.3719999999999994,94.53,3.2045999999999997,99.24559999999995,3.5871999999999997,89.0068
28,3.378200000000001,94.1958,3.1965999999999997,99.22859999999999,3.625,87.837
29,3.436000000000001,94.023,3.2414,99.34460000000001,3.6956,87.50480000000002
30,3.359,94.59799999999997,3.1930000000000005,99.3036,3.588199999999999,88.63860000000001
31,3.3652,94.63140000000001,3.2019999999999995,99.21820000000001,3.6450000000000005,87.501
32,3.5194000000000005,94.448,3.3380000000000014,99.32839999999996,3.8029999999999995,87.53200000000001
33,3.5599999999999996,93.836,3.3548,99.2788,3.8336000000000015,87.2718
34,3.420600000000001,94.85240000000003,3.261599999999999,99.17939999999999,3.667,88.52960000000003
35,3.6343999999999994,93.4014,3.4067999999999996,99.32600000000002,3.8789999999999996,87.54740000000004
36,3.5978000000000008,94.41919999999999,3.4089999999999994,99.3408,3.8302000000000005,88.774
37,3.6781999999999995,93.91340000000002,3.467200000000001,99.29939999999996,3.936200000000001,87.84899999999996
38,3.6054000000000013,94.00919999999998,3.4034000000000004,99.2714,3.8429999999999995,88.26580000000001
39,3.6502000000000003,94.45999999999998,3.4617999999999993,99.29219999999998,3.8865999999999996,88.8194
40,3.659600000000001,94.49940000000001,3.472400000000001,99.31519999999999,3.8806,89.19779999999999
41,3.7051999999999983,93.89039999999999,3.4911999999999996,99.31680000000001,3.8904,89.4844
42,3.6368000000000005,94.529,3.4505999999999997,99.33240000000004,3.82,90.04319999999996
43,3.7135999999999996,94.54379999999998,3.5238,99.347,3.9124,89.77680000000001
44,3.7606,93.89200000000002,3.5422,99.37579999999998,3.9816000000000016,88.76860000000002
45,3.7281999999999997,94.53519999999999,3.5372,99.33720000000001,3.930800000000001,89.71279999999999
46,3.77,94.78979999999996,3.5837999999999988,99.43080000000005,3.950800000000001,90.50320000000004
47,3.7590000000000003,94.195,3.5502000000000002,99.4094,3.9558000000000018,89.55400000000002
48,3.8074000000000012,94.56920000000002,3.6072,99.50799999999998,3.9767999999999994,90.55080000000002
49,3.8006,94.05099999999999,3.5820000000000003,99.45020000000002,3.987199999999999,89.69300000000001
50,3.8424,93.87059999999995,3.6131999999999986,99.4618,4.057599999999999,88.9132
51,3.8423999999999996,94.17120000000003,3.6248,99.50460000000002,4.020000000000001,90.0486
52,3.8926000000000003,94.6974,3.6925999999999988,99.5474,4.087599999999998,90.2438
53,3.7904,95.2212,3.6193999999999993,99.49560000000002,4.0088,90.1398
54,3.9020000000000006,94.12740000000002,3.677800000000001,99.53000000000002,4.102399999999999,89.56479999999998
55,3.9080000000000013,94.5606,3.6992000000000003,99.59759999999997,4.1042,90.06
56,3.9398,94.0808,3.7129999999999996,99.5178,4.1572000000000005,89.2428
57,3.9905999999999993,93.98240000000001,3.7543999999999986,99.57079999999996,4.2214,88.8916
58,3.9599999999999995,94.3848,3.742800000000001,99.55760000000004,4.1874,89.28299999999997
59,3.952,94.44300000000001,3.7378000000000005,99.53640000000003,4.190600000000001,89.12140000000001
60,4.0573999999999995,94.08560000000006,3.8246,99.54680000000002,4.304999999999999,88.76020000000003
61,3.969,94.7174,3.766399999999998,99.54540000000003,4.190799999999999,89.73900000000002
62,4.052,94.49600000000001,3.8354000000000013,99.54660000000001,4.3666,87.7892
63,4.0406,94.15440000000002,3.8111999999999995,99.51639999999999,4.3146,88.24380000000001
64,4.017600000000001,94.1164,3.786600000000001,99.5038,4.2576,88.83640000000001
65,4.053799999999999,94.7352,3.8494000000000006,99.49600000000002,4.3348,88.69879999999999
66,4.1092,93.70360000000002,3.859000000000001,99.4922,4.3582,88.4252
67,4.0618,94.23100000000001,3.836199999999999,99.46340000000002,4.314800000000002,88.7578
68,4.004799999999999,95.369,3.8309999999999995,99.48639999999999,4.2604,89.7416
69,4.037599999999999,94.72980000000003,3.8333999999999993,99.50260000000004,4.266400000000001,89.71219999999998
70,4.180000000000001,93.61399999999998,3.9201999999999995,99.50060000000005,4.4186000000000005,88.61119999999997
71,4.1370000000000005,94.12080000000002,3.9021999999999997,99.479,4.371,89.14179999999999
72,4.0756,94.9708,3.882599999999999,99.45380000000003,4.2914,90.2554
73,4.237400000000001,93.61079999999998,3.9763999999999995,99.46520000000001,4.4876,88.45119999999999
74,4.1902,93.86839999999998,3.9424000000000006,99.45000000000002,4.402200000000001,89.39079999999998
75,4.171600000000001,94.714,3.960400000000001,99.48500000000004,4.3729999999999976,90.4076
76,4.2614,93.9954,4.017199999999999,99.4628,4.5044,89.02319999999997
77,4.156200000000001,94.8294,3.9511999999999996,99.4604,4.3713999999999995,90.20700000000001
78,4.2406,93.70580000000001,3.984,99.44720000000001,4.455600000000001,89.25379999999997
79,4.209000000000002,94.54679999999996,3.9898000000000002,99.4552,4.4220000000000015,90.0644
80,4.226400000000001,94.6054,4.008599999999999,99.49119999999998,4.4239999999999995,90.43199999999997
81,4.226599999999999,94.99220000000001,4.0256,99.48739999999998,4.4274000000000004,90.74420000000005
82,4.2932,93.92380000000001,4.0426,99.46840000000002,4.4807999999999995,90.06160000000004
83,4.214199999999998,94.46640000000001,3.9903999999999993,99.4518,4.387,90.73400000000004
84,4.215400000000002,94.79639999999998,4.0042,99.51460000000003,4.393200000000001,91.01680000000002
85,4.3644,93.8634,4.1064,99.4946,4.5668,89.73459999999999
86,4.3118,93.972,4.0598,99.52380000000001,4.4834,90.41639999999998
87,4.3262,94.26500000000001,4.0855999999999995,99.53020000000002,4.520600000000001,90.28419999999998
88,4.3894,93.48459999999999,4.110000000000001,99.54,4.5778,89.6534
89,4.225599999999999,95.37139999999998,4.0392,99.53300000000002,4.3972000000000016,91.677
90,4.238999999999999,95.34420000000001,4.051799999999999,99.5236,4.433999999999999,91.23720000000002
91,4.3107999999999995,94.53479999999999,4.0818,99.54520000000001,4.4894,90.80640000000002
92,4.3918,93.85279999999997,4.1268,99.58900000000003,4.5992,89.6366
93,4.367999999999999,93.75280000000001,4.100000000000001,99.55300000000003,4.544599999999998,90.13
94,4.313400000000001,94.78200000000001,4.0924000000000005,99.5934,4.4984,90.91319999999997
95,4.403199999999999,94.7582,4.1792,99.60120000000002,4.5922,90.93300000000004
96,4.3102,94.62699999999997,4.0844,99.57080000000002,4.465800000000001,91.33579999999998
97,4.377000000000001,94.25720000000003,4.1293999999999995,99.62660000000001,4.578799999999999,90.145
98,4.280799999999999,95.65739999999998,4.103199999999999,99.59980000000002,4.463799999999999,91.79159999999997
99,4.3776,94.68320000000001,4.149400000000001,99.62959999999997,4.5714,90.72200000000001
100,4.3382000000000005,94.65279999999998,4.109600000000001,99.63919999999999,4.5028000000000015,91.21599999999998
101,4.440000000000001,94.1148,4.1814,99.65720000000002,4.6308,90.29120000000003
102,4.4088,94.80380000000002,4.1826,99.65819999999998,4.574199999999999,91.41879999999999
103,4.486200000000001,93.70400000000001,4.2052,99.67579999999998,4.670399999999998,90.06240000000001
104,4.4542,94.55940000000004,4.215200000000001,99.65659999999998,4.646600000000001,90.69120000000001
105,4.4542,94.46820000000001,4.211600000000001,99.66679999999995,4.654800000000001,90.45719999999997
106,4.4216,94.54419999999995,4.183200000000002,99.6682,4.619199999999999,90.53740000000002
107,4.429799999999999,94.90639999999996,4.207000000000001,99.65239999999996,4.6084,91.24799999999999
108,4.4594,94.44460000000001,4.2126,99.68459999999999,4.667000000000001,90.29340000000003
109,4.451600000000001,94.5394,4.2096,99.68339999999996,4.6418,90.6842
110,4.549200000000002,93.85959999999997,4.272200000000001,99.66120000000001,4.7474,89.95100000000002
111,4.505599999999999,93.9884,4.2362,99.67580000000002,4.6898,90.30840000000002
112,4.489600000000001,94.58320000000002,4.2505999999999995,99.6526,4.6892,90.60160000000002
113,4.462,94.76619999999998,4.2306,99.68519999999997,4.668400000000003,90.5996
114,4.4944,94.4042,4.2456000000000005,99.6672,4.686800000000002,90.5702
115,4.460200000000001,94.69580000000003,4.227,99.65859999999996,4.651,90.85679999999998
116,4.428,95.26899999999999,4.223,99.66619999999998,4.6218,91.29199999999999
117,4.4576,95.20579999999998,4.2474,99.66719999999995,4.660399999999999,91.10440000000003
118,4.533599999999999,94.85019999999999,4.3044,99.6604,4.741799999999999,90.7248
119,4.4918,94.8892,4.2654000000000005,99.65999999999997,4.7182,90.37400000000001
120,4.5106,95.03880000000002,4.2916,99.65720000000003,4.763,90.0632
121,4.602,94.06380000000001,4.331999999999999,99.66599999999993,4.840799999999999,89.46000000000002
122,4.561399999999999,94.62720000000002,4.3198,99.65559999999999,4.789599999999998,90.16279999999999
123,4.495400000000001,94.9734,4.2753999999999985,99.64299999999997,4.738799999999999,90.152
124,4.6705999999999985,93.7708,4.383799999999999,99.65060000000001,4.9302,88.88080000000002
125,4.565199999999999,94.33139999999999,4.311,99.63139999999996,4.802600000000001,89.68379999999996
126,4.5406,94.60139999999997,4.299999999999999,99.62379999999999,4.792799999999999,89.65099999999997
127,4.592599999999999,94.42159999999998,4.340600000000001,99.62960000000002,4.857399999999999,89.30859999999998
128,4.572399999999999,94.55239999999999,4.328600000000001,99.61720000000001,4.8214,89.7054
129,4.736599999999999,93.41959999999997,4.431,99.6116,5.002599999999999,88.49340000000001
130,4.6608,94.02600000000001,4.3886,99.60160000000002,4.913,89.24939999999997
131,4.542199999999999,95.2694,4.3326,99.61840000000002,4.781599999999999,90.53100000000002
132,4.6461999999999986,94.38260000000002,4.390800000000001,99.60340000000001,4.877,89.95820000000002
133,4.608600000000001,94.296,4.3512,99.6092,4.8258,90.0898
134,4.6876,93.94720000000001,4.410399999999999,99.60719999999999,4.9156,89.63619999999999
135,4.634800000000001,94.49299999999998,4.385800000000001,99.59059999999998,4.8488,90.35440000000003
136,4.693200000000002,94.11560000000001,4.4238,99.58840000000002,4.941399999999999,89.43399999999998
137,4.6494,94.6762,4.408,99.58900000000001,4.865400000000002,90.5086
138,4.628799999999999,94.7044,4.391199999999999,99.5692,4.8546,90.34140000000001
139,4.7678,93.27500000000002,4.4542,99.5684,4.991,89.1362
140,4.5325999999999995,95.45899999999997,4.3344000000000005,99.57259999999998,4.728799999999999,91.49579999999997
141,4.719200000000001,93.71979999999998,4.4286,99.59099999999998,4.9218,89.86219999999999
142,4.640399999999999,94.5072,4.3924,99.57280000000006,4.852399999999999,90.39400000000002
143,4.686,94.9946,4.4605999999999995,99.56560000000003,4.9314,90.31859999999999
144,4.6343999999999985,95.28059999999999,4.424600000000002,99.57579999999999,4.838199999999999,91.30220000000004
145,4.641600000000001,95.0434,4.4193999999999996,99.56840000000003,4.8313999999999995,91.33139999999999
146,4.670400000000002,94.63140000000001,4.427599999999999,99.56560000000003,4.887600000000001,90.46200000000003
147,4.7652,93.73660000000001,4.4736,99.56680000000001,4.968800000000001,89.905
148,4.693200000000001,94.68819999999998,4.451599999999999,99.56379999999999,4.899,90.7408
149,4.700399999999998,94.5458,4.451200000000001,99.56540000000003,4.9058,90.6138
150,4.7686,94.2806,4.5046,99.5582,4.989399999999998,90.167
151,4.716600000000001,94.43199999999999,4.461000000000001,99.56560000000003,4.925799999999999,90.4462
152,4.7892,94.03739999999999,4.5124,99.5606,4.9972,90.16480000000001
153,4.655799999999999,95.22800000000002,4.4441999999999995,99.54920000000004,4.8554,91.369
154,4.805400000000001,93.8118,4.517600000000001,99.54160000000002,5.006400000000001,90.06879999999997
155,4.803599999999999,93.86220000000002,4.5172,99.56280000000004,4.9996,90.22379999999995
156,4.720800000000002,95.10200000000003,4.498200000000001,99.5652,4.920799999999997,91.27259999999998
157,4.7392,94.7024,4.497000000000002,99.56320000000004,4.928799999999999,91.09700000000002
158,4.7088,94.90519999999998,4.4777999999999984,99.55980000000005,4.881,91.57879999999999
159,4.800999999999999,94.4612,4.543800000000002,99.5728,5.018600000000001,90.41580000000002
160,4.6826,95.20219999999996,4.466999999999998,99.56620000000004,4.854200000000001,91.8566
161,4.7832,94.43900000000004,4.525400000000001,99.5702,4.9896,90.57000000000002
162,4.8064,94.3692,4.544400000000001,99.56760000000004,4.9765999999999995,91.17620000000005
163,4.762599999999999,94.71080000000002,4.518,99.56700000000002,4.9563999999999995,91.02319999999997
164,4.794399999999999,94.39160000000001,4.533199999999999,99.57000000000004,4.987600000000001,90.7676
165,4.8687999999999985,93.91219999999996,4.580200000000001,99.58520000000004,5.046599999999999,90.61959999999999
166,4.793199999999998,94.36579999999998,4.53,99.57520000000001,4.964600000000001,91.1258
167,4.7806,95.3466,4.568800000000001,99.55880000000005,4.9860000000000015,91.48360000000001
168,4.929999999999998,93.57840000000004,4.6232,99.575,5.1276,89.99520000000001
169,4.814599999999999,94.5842,4.5622,99.58699999999997,4.978,91.51920000000001
170,4.788400000000001,94.8976,4.551199999999999,99.58460000000001,4.9718,91.40620000000003
171,4.803399999999999,94.73339999999999,4.556800000000001,99.59000000000003,4.989799999999999,91.21959999999999
172,4.8148,94.5856,4.5611999999999995,99.594,5.002799999999999,91.08239999999999
173,4.8438,94.38020000000004,4.579399999999999,99.58260000000004,5.021999999999999,91.07220000000001
174,4.829599999999999,94.54760000000002,4.573199999999999,99.59920000000002,4.999799999999998,91.3576
175,4.897999999999999,94.05280000000002,4.613000000000001,99.60979999999996,5.0776,90.7708
176,4.8568,94.6216,4.602799999999999,99.60620000000003,5.046400000000001,91.09200000000001
177,4.8136,94.61099999999996,4.5606,99.60539999999999,4.968799999999999,91.67119999999997
178,4.789199999999999,95.0342,4.558600000000001,99.59720000000002,4.959800000000002,91.7946
179,4.905600000000001,94.1468,4.6248,99.6174,5.094199999999999,90.67879999999997
180,4.962199999999999,93.86619999999995,4.665599999999999,99.6156,5.154399999999999,90.40000000000002
181,4.909599999999998,94.00619999999999,4.620000000000001,99.64039999999999,5.0934,90.624
182,4.926200000000001,93.94959999999999,4.6344,99.61800000000001,5.092599999999999,90.89759999999998
183,4.9828,93.7026,4.674199999999999,99.64980000000001,5.189,90.00099999999999
184,4.7662,95.6948,4.568599999999998,99.63780000000001,4.922600000000001,92.66619999999999
185,4.833399999999999,95.07120000000003,4.600599999999999,99.64039999999996,4.9918000000000005,92.07360000000003
186,4.954600000000001,93.6936,4.6458,99.65359999999998,5.126199999999999,90.56739999999999
187,4.809999999999999,95.47139999999997,4.596799999999999,99.66659999999996,4.9626,92.53580000000002
188,4.922600000000001,94.26579999999994,4.644800000000001,99.67019999999997,5.09,91.19059999999998
189,4.966600000000001,94.1144,4.678,99.67919999999995,5.147600000000001,90.83879999999998
190,4.954000000000001,94.0872,4.664399999999999,99.67659999999997,5.120399999999998,91.04840000000004
191,4.8864,94.9708,4.644200000000001,99.68939999999996,5.0426,92.0556
192,4.917999999999999,94.50060000000003,4.651400000000001,99.67920000000002,5.087000000000001,91.39259999999999
193,4.990399999999999,93.6626,4.676,99.69599999999998,5.180400000000001,90.219
194,5.006600000000001,93.75680000000003,4.6972000000000005,99.70139999999999,5.1766,90.70279999999998
195,4.8892,95.17220000000002,4.656600000000001,99.69659999999996,5.0676000000000005,91.86019999999999
196,4.8788,95.02180000000003,4.637600000000003,99.6904,5.043800000000002,91.93299999999999
197,4.8862,95.29520000000001,4.659999999999999,99.70359999999997,5.042999999999999,92.33939999999997
198,4.9686,94.18500000000002,4.680999999999998,99.70939999999995,5.128800000000001,91.26520000000001
199,4.899000000000001,95.01559999999999,4.6579999999999995,99.71860000000001,5.073000000000001,91.80639999999998
200,4.989599999999999,94.0254,4.6928,99.71099999999997,5.164200000000001,90.8704
201,5.058200000000002,93.3228,4.7208,99.73380000000002,5.2198,90.42179999999999
202,5.052000000000001,93.70479999999999,4.735800000000001,99.7268,5.241799999999997,90.3408
203,4.9022,95.19619999999999,4.6688,99.71000000000002,5.073800000000002,92.01480000000001
204,4.9548000000000005,94.508,4.6844,99.71599999999997,5.1222,91.45780000000002
205,5.0280000000000005,93.87600000000003,4.7204,99.73880000000001,5.2062,90.67880000000001
206,5.0848,93.31119999999999,4.746,99.74340000000001,5.295400000000001,89.61239999999998
207,4.8740000000000006,95.80360000000002,4.6732000000000005,99.73720000000002,5.059799999999999,92.3336
208,5.0196000000000005,94.14280000000002,4.726800000000002,99.73019999999998,5.203800000000001,90.84420000000001
209,5.0558,93.82300000000001,4.7456,99.7344,5.240399999999999,90.5474
210,5.079400000000002,93.35500000000002,4.742800000000001,99.7332,5.247800000000001,90.36180000000002
211,4.927600000000001,95.13780000000003,4.6884,99.73880000000003,5.112400000000001,91.71899999999997
212,4.947799999999999,95.16159999999996,4.710400000000001,99.73120000000003,5.1262,91.882
213,4.939800000000001,95.0398,4.6956,99.74239999999996,5.127600000000001,91.56720000000001
214,5.0304,94.56039999999999,4.759399999999999,99.73639999999997,5.228199999999999,91.02019999999999
215,5.1389999999999985,93.22059999999998,4.7922,99.7436,5.3198,90.06220000000002
216,4.907,95.68780000000001,4.698599999999999,99.73279999999998,5.075399999999999,92.51799999999999
217,4.974599999999999,94.78400000000002,4.7152,99.74679999999998,5.159599999999999,91.3842
218,5.0494,94.33780000000003,4.764000000000001,99.72799999999998,5.244199999999998,90.85679999999998
219,5.0624,93.75340000000001,4.7462,99.7414,5.238400000000002,90.61439999999999
220,4.9479999999999995,95.15520000000002,4.71,99.72760000000004,5.130799999999999,91.78999999999998
221,5.0048,94.75300000000003,4.743999999999999,99.72920000000002,5.2021999999999995,91.17700000000002
222,4.9266000000000005,95.47980000000001,4.705600000000001,99.73559999999998,5.1,92.23020000000001
223,5.0302,94.74060000000001,4.7673999999999985,99.744,5.216600000000001,91.38459999999999
224,5.121999999999998,93.4296,4.7848000000000015,99.74499999999998,5.3066,90.19440000000003
225,4.941000000000001,95.36200000000002,4.713799999999999,99.7156,5.136999999999998,91.72640000000006
226,5.024399999999997,94.5816,4.755000000000001,99.72959999999999,5.241800000000001,90.71400000000001
227,5.025999999999999,94.832,4.768999999999999,99.73440000000001,5.226800000000002,91.21079999999998
228,5.0314,95.0346,4.7838,99.73299999999998,5.216,91.7042
229,5.1244,93.75039999999998,4.8058000000000005,99.72680000000003,5.336,90.04359999999998
230,4.990799999999998,95.40799999999997,4.7648,99.72859999999999,5.182000000000001,91.90679999999999
231,5.053999999999999,94.53200000000002,4.778199999999999,99.7238,5.2522,90.9712
232,5.085399999999998,94.0966,4.786599999999999,99.72719999999995,5.2798,90.6502
233,5.0704,94.47940000000003,4.7918,99.72039999999997,5.270999999999999,90.90200000000003
234,5.1968000000000005,93.55099999999997,4.8656,99.71259999999998,5.413200000000001,89.83480000000002
235,5.1578,93.7004,4.835000000000001,99.7176,5.3614,90.1618
236,4.994999999999999,95.25539999999997,4.761599999999999,99.71739999999996,5.200399999999998,91.5034
237,4.9956,95.64340000000001,4.782400000000001,99.70839999999997,5.210199999999998,91.74519999999998
238,5.0298,94.84080000000002,4.773000000000001,99.71499999999996,5.231599999999999,91.19680000000004
239,5.134999999999999,94.01720000000002,4.8296,99.71819999999992,5.338000000000001,90.45280000000001
240,5.159400000000001,93.88699999999997,4.847200000000001,99.70679999999997,5.3672,90.292
241,5.020599999999999,95.37659999999998,4.7926,99.7068,5.244600000000003,91.32039999999999
242,4.986599999999998,95.80539999999999,4.7826,99.70099999999995,5.2036,91.8136
243,4.997599999999999,95.3742,4.770199999999998,99.70019999999997,5.212600000000001,91.45020000000001
244,5.0680000000000005,95.2008,4.828399999999999,99.71339999999998,5.2976,91.09640000000002
245,5.0982,94.9016,4.842199999999999,99.70219999999998,5.320600000000001,90.96299999999998
246,5.2814,92.6494,4.8998,99.69899999999998,5.5322000000000005,88.4584
247,4.9364,96.14859999999997,4.7524,99.69559999999996,5.1648000000000005,91.90940000000002
248,5.130199999999999,94.3658,4.845000000000001,99.69619999999998,5.3638,90.27519999999998
249,5.091599999999999,94.78239999999998,4.8298000000000005,99.68979999999998,5.3198,90.72139999999999
250,5.083199999999999,94.889,4.8275999999999994,99.694,5.307399999999999,90.89560000000002
251,5.1624,94.00840000000002,4.856399999999999,99.69219999999997,5.403800000000001,89.82359999999998
252,5.1667999999999985,94.20459999999999,4.870799999999999,99.67799999999997,5.436600000000001,89.53300000000003
253,5.166400000000001,94.4014,4.881599999999999,99.69179999999997,5.4056,90.25999999999998
254,5.0672,94.98139999999998,4.817200000000001,99.68719999999998,5.295,90.92120000000001
255,5.0889999999999995,95.13959999999999,4.846,99.68260000000001,5.310600000000001,91.1918
256,5.073,95.39359999999996,4.845600000000001,99.68559999999998,5.288200000000001,91.5412
257,5.1586,94.65860000000002,4.8884,99.66980000000001,5.413,90.24420000000002
258,5.256399999999998,93.60480000000001,4.926200000000001,99.6614,5.500799999999999,89.45279999999998
259,5.162600000000001,94.60259999999998,4.888999999999999,99.67939999999999,5.394199999999999,90.5712
260,5.091799999999999,95.2604,4.8568,99.6672,5.3092,91.39580000000002
261,5.026799999999999,95.69319999999996,4.8166,99.66619999999999,5.2312,91.95819999999999
262,5.148000000000001,94.57979999999999,4.872800000000001,99.67279999999997,5.3522,90.98060000000004
263,5.212399999999999,94.097,4.909600000000001,99.65499999999994,5.441600000000002,90.14099999999999
264,5.243599999999999,93.93780000000001,4.9312000000000005,99.66259999999997,5.462,90.2108
265,5.280000000000001,93.63080000000002,4.950199999999999,99.6494,5.507999999999999,89.7832
266,5.254999999999999,94.15199999999999,4.954200000000001,99.6538,5.508200000000001,89.8478
267,5.150200000000001,94.8352,4.8896,99.65740000000001,5.3702,90.9612
268,5.0920000000000005,95.80660000000003,4.8862000000000005,99.6636,5.308,91.95479999999999
269,5.050399999999999,95.85379999999998,4.848000000000002,99.6608,5.252599999999998,92.18299999999998
270,5.156600000000001,94.8646,4.896599999999999,99.65719999999997,5.377000000000002,90.99459999999999
271,5.168200000000001,94.7404,4.9026,99.65299999999999,5.382000000000001,91.01280000000001
272,5.146800000000001,94.98000000000002,4.894400000000001,99.6594,5.3514,91.3784
273,5.357,92.96660000000001,4.989,99.63920000000003,5.574000000000001,89.37679999999999
274,5.0398000000000005,96.35979999999999,4.8656,99.6366,5.2524,92.50040000000003
275,5.1078,95.46339999999998,4.8828,99.63900000000004,5.2962,92.08159999999998
276,5.2118,94.4486,4.929799999999999,99.64120000000001,5.438,90.53480000000003
277,5.135200000000001,95.32820000000004,4.903,99.63939999999998,5.333200000000001,91.8008
278,5.213400000000003,94.69219999999997,4.943600000000002,99.64659999999996,5.449799999999999,90.62339999999996
279,5.282600000000001,94.0044,4.9732,99.63819999999998,5.494400000000001,90.4
280,5.325600000000001,93.6464,4.996200000000001,99.62900000000002,5.540599999999999,90.0336
281,5.298600000000001,93.77439999999999,4.9768,99.6334,5.512399999999999,90.1582
282,5.0642000000000005,96.20000000000002,4.880799999999999,99.63459999999999,5.238800000000001,92.9892
283,5.120799999999999,95.47039999999998,4.896200000000001,99.63159999999999,5.313,92.02860000000001
284,5.152400000000001,95.12459999999999,4.9086,99.63039999999997,5.340999999999999,91.77300000000002
285,5.133000000000002,95.20240000000001,4.893600000000001,99.62920000000003,5.3076,92.08499999999998
286,5.131000000000001,95.75999999999996,4.921599999999999,99.63619999999997,5.322199999999998,92.33239999999999
287,5.239600000000001,94.39259999999999,4.952400000000002,99.62799999999999,5.437800000000002,90.96959999999997
288,5.3634,93.18619999999997,5.007000000000001,99.62619999999998,5.555600000000001,90.00020000000002
289,5.412600000000002,92.6042,5.021600000000001,99.62580000000004,5.6274,89.0598
290,5.0348000000000015,96.8196,4.887600000000001,99.62180000000001,5.1975999999999996,93.7884
291,5.1764,95.40900000000002,4.946999999999999,99.61999999999996,5.358000000000001,92.1886
292,5.178999999999999,95.30619999999999,4.944599999999999,99.62819999999998,5.364,92.04220000000001
293,5.181200000000001,95.45599999999999,4.953799999999999,99.62779999999994,5.3858,91.86520000000002
294,5.163399999999999,95.29279999999997,4.9274000000000004,99.6314,5.334200000000001,92.23719999999999
295,5.292000000000002,94.55939999999997,5.012600000000001,99.62259999999998,5.4976,91.05560000000001
296,5.2978000000000005,94.31360000000001,5.005199999999999,99.62260000000003,5.488800000000001,91.06180000000002
297,5.413200000000002,93.07899999999998,5.0493999999999994,99.619,5.6042,89.94239999999998
298,5.3964,93.25280000000001,5.041600000000002,99.62000000000002,5.588600000000001,90.07140000000005
299,5.131600000000002,95.60579999999999,4.914600000000001,99.61880000000001,5.296599999999999,92.64399999999996
300,5.217399999999999,95.09819999999999,4.968599999999998,99.619,5.393200000000002,92.00180000000002
301,5.238200000000001,95.00240000000002,4.985799999999999,99.61519999999994,5.416399999999999,91.91140000000001
302,5.2144,95.04519999999998,4.964200000000001,99.61460000000001,5.3877999999999995,92.00940000000003
303,5.230000000000002,95.1292,4.983600000000002,99.6164,5.404800000000002,92.0808
304,5.3077999999999985,94.53860000000003,5.026600000000001,99.61700000000002,5.48,91.58379999999997
305,5.363599999999998,93.81099999999995,5.041,99.61739999999998,5.553400000000002,90.62200000000001
306,5.3420000000000005,93.96140000000001,5.027200000000001,99.6234,5.5127999999999995,91.0556
307,5.406999999999999,93.38659999999996,5.058399999999999,99.61920000000002,5.608600000000001,90.05120000000001
308,5.141400000000002,95.76299999999998,4.9323999999999995,99.6102,5.297399999999998,92.95299999999997
309,5.179200000000001,95.48939999999999,4.954000000000001,99.618,5.334799999999999,92.70980000000002
310,5.274400000000001,94.6512,4.999,99.61959999999998,5.446399999999999,91.65979999999999
311,5.2374,95.2674,4.997000000000001,99.62440000000001,5.413199999999997,92.1954
312,5.214799999999999,95.4136,4.983800000000001,99.61880000000001,5.371999999999999,92.637
313,5.264599999999999,95.02279999999998,5.0116000000000005,99.6252,5.454400000000001,91.7332
314,5.271600000000002,95.24600000000001,5.03,99.6196,5.4322,92.45900000000002
315,5.353399999999999,94.29520000000002,5.0558000000000005,99.6194,5.523200000000002,91.42600000000004
316,5.471999999999998,93.17800000000001,5.109199999999999,99.61240000000005,5.657200000000001,90.16480000000003
317,5.4544,93.39980000000001,5.1036,99.61400000000003,5.651600000000001,90.14560000000002
318,5.199199999999999,95.51900000000002,4.9744,99.61500000000004,5.371,92.4682
319,5.254399999999999,95.0068,4.999199999999998,99.62219999999999,5.4121999999999995,92.26180000000002
320,5.233199999999999,95.395,4.9998000000000005,99.62040000000003,5.403199999999999,92.404
321,5.291400000000001,94.95239999999995,5.033399999999999,99.62159999999999,5.4506,92.21459999999999
322,5.312799999999998,94.50899999999997,5.0292,99.62380000000002,5.468000000000001,91.83279999999995
323,5.351199999999999,94.27340000000004,5.0524000000000004,99.62459999999996,5.527200000000001,91.28519999999999
324,5.415200000000001,93.87840000000001,5.092200000000001,99.6248,5.5898,90.98019999999998
325,5.438399999999998,93.4534,5.090199999999999,99.62139999999998,5.608199999999998,90.63160000000002
326,5.487199999999999,92.95700000000001,5.1108,99.62459999999999,5.657,90.197
327,5.4196,93.90360000000001,5.0974,99.62540000000001,5.596000000000003,90.96979999999999
328,5.196000000000001,95.87180000000002,4.9902,99.62319999999998,5.342000000000001,93.25119999999997
329,5.227200000000002,95.707,5.011599999999999,99.63119999999999,5.371599999999997,93.14640000000001
330,5.224799999999999,95.71439999999998,5.010599999999999,99.62799999999999,5.3702,93.13
331,5.219600000000001,95.70679999999999,5.0046,99.62840000000001,5.365999999999999,93.1074
332,5.2808,95.3866,5.0458,99.6336,5.450800000000002,92.4496
333,5.2588,95.4666,5.0278,99.62520000000002,5.404599999999999,92.8952
334,5.312800000000002,95.17680000000001,5.065,99.63139999999996,5.4752,92.3788
335,5.326599999999998,94.87160000000002,5.061399999999999,99.63140000000001,5.494199999999999,91.99180000000004
336,5.438400000000001,93.84479999999999,5.1129999999999995,99.63460000000003,5.6036,91.11600000000003
337,5.456600000000001,93.86700000000002,5.130800000000001,99.63359999999997,5.6212,91.1522
338,5.503000000000001,93.47120000000002,5.153200000000001,99.63559999999998,5.670400000000002,90.74459999999999
339,5.186800000000001,96.37519999999999,5.0086,99.64300000000001,5.339799999999999,93.61900000000001
340,5.220599999999999,96.15259999999998,5.0288,99.64560000000002,5.366199999999999,93.56799999999997
341,5.308,95.16860000000004,5.0586,99.64419999999998,5.4502,92.68979999999999
342,5.220400000000001,96.09260000000002,5.0252,99.64020000000002,5.372399999999999,93.38960000000002
343,5.332799999999999,94.8974,5.067400000000001,99.64599999999999,5.4777999999999984,92.39419999999998
344,5.3237999999999985,95.06220000000002,5.0682,99.64639999999996,5.479,92.36880000000001
345,5.3558,95.04379999999999,5.097199999999998,99.6532,5.5162,92.30979999999995
346,5.455199999999999,94.03220000000002,5.136799999999999,99.65599999999996,5.6164,91.34560000000002
347,5.552599999999999,92.69859999999998,5.1560000000000015,99.66179999999997,5.713000000000001,90.10459999999998
348,5.4682,93.77219999999997,5.135999999999999,99.65079999999998,5.623999999999999,91.2078
349,5.5774,92.7766,5.184799999999999,99.6538,5.744200000000001,90.105
350,5.522199999999997,93.41840000000003,5.167599999999998,99.65379999999998,5.692000000000003,90.65240000000001
351,5.201999999999998,96.40640000000003,5.0236,99.65380000000003,5.340199999999998,93.91819999999998
352,5.1895999999999995,96.63339999999997,5.025,99.65699999999998,5.334800000000001,94.01760000000002
353,5.322400000000001,95.33400000000005,5.0798,99.6688,5.461,92.91739999999999
354,5.273400000000001,96.05259999999998,5.072999999999999,99.67139999999999,5.4155999999999995,93.55859999999998
355,5.395599999999998,94.87700000000001,5.125400000000001,99.67379999999997,5.546599999999999,92.3186
356,5.404599999999999,94.55359999999999,5.115799999999999,99.67639999999997,5.5618,91.91199999999995
357,5.419599999999998,94.1332,5.107000000000001,99.67059999999998,5.563999999999997,91.70159999999998
358,5.386800000000001,94.76480000000001,5.111199999999998,99.67319999999998,5.549599999999998,92.01399999999994
359,5.455200000000001,94.2612,5.147600000000001,99.67899999999997,5.618,91.54380000000003
360,5.361199999999999,95.39820000000002,5.122199999999999,99.67379999999999,5.515199999999998,92.76599999999996
361,5.4456,94.55739999999997,5.155000000000001,99.68039999999999,5.624,91.57879999999999
362,5.5036000000000005,93.9928,5.179399999999999,99.68059999999997,5.6632,91.36000000000001
363,5.589800000000001,92.87399999999998,5.1994,99.6856,5.749200000000001,90.2964
364,5.2714,96.11519999999999,5.074200000000001,99.6886,5.418199999999998,93.54120000000003
365,5.292000000000001,95.98460000000001,5.0858000000000025,99.69239999999998,5.46,93.0424
366,5.305400000000001,95.60480000000001,5.077400000000001,99.68939999999996,5.453200000000001,93.0196
367,5.3595999999999995,95.15019999999998,5.103799999999998,99.69539999999995,5.504599999999998,92.6444
368,5.377399999999999,95.066,5.1162,99.69819999999994,5.537200000000001,92.33639999999997
369,5.493599999999999,93.8096,5.1575999999999995,99.70799999999997,5.639799999999999,91.37460000000002
370,5.483,94.19339999999998,5.167999999999999,99.712,5.639799999999999,91.5736
371,5.4154,94.85639999999995,5.142200000000002,99.70099999999995,5.5762,92.16619999999999
372,5.474799999999998,94.23620000000001,5.163,99.71299999999994,5.6160000000000005,91.883
373,5.443399999999998,95.07019999999997,5.180200000000001,99.70999999999997,5.599400000000002,92.45580000000004
374,5.4327999999999985,94.8468,5.157399999999999,99.70339999999999,5.5916,92.1688
375,5.5598,93.55639999999998,5.2066,99.71839999999996,5.7424,90.5866
376,5.5948,93.066,5.2132,99.72179999999994,5.752800000000001,90.53239999999998
377,5.594799999999999,93.32539999999999,5.226600000000002,99.72779999999995,5.768799999999999,90.51099999999998
378,5.1826,97.24099999999997,5.0502,99.71179999999997,5.3138,94.84379999999999
379,5.209199999999999,97.1958,5.0722000000000005,99.71959999999996,5.3434,94.75540000000002
380,5.4042,94.94600000000003,5.133200000000001,99.726,5.554200000000001,92.3888
381,5.372199999999999,95.5976,5.139600000000001,99.73620000000003,5.540999999999998,92.7072
382,5.3888,95.56060000000004,5.153199999999999,99.74359999999999,5.5346,93.04819999999998
383,5.4206,94.95659999999998,5.149,99.745,5.573200000000001,92.38459999999999
384,5.384600000000002,95.20479999999999,5.1292,99.73119999999999,5.533199999999999,92.65639999999999
385,5.4308,95.038,5.163399999999999,99.74660000000002,5.575,92.58519999999999
386,5.461799999999999,94.99079999999998,5.192,99.74740000000001,5.6084000000000005,92.54819999999998
387,5.477199999999999,94.67620000000001,5.1888,99.74640000000001,5.6338,92.08979999999998
388,5.5222000000000016,94.03679999999999,5.1952000000000025,99.7444,5.6904,91.28220000000002
389,5.6294,93.2544,5.254999999999999,99.75000000000001,5.7882,90.71580000000002
390,5.5944,93.39299999999999,5.2286,99.74680000000002,5.756999999999998,90.77020000000005
391,5.6538,93.0134,5.263800000000001,99.752,5.816800000000001,90.4264
392,5.672999999999999,92.86179999999996,5.273199999999999,99.75560000000002,5.8552,89.97899999999998
393,5.2992,96.418,5.114600000000001,99.75740000000002,5.4403999999999995,93.92
394,5.3164,96.13179999999998,5.113999999999999,99.75220000000003,5.458999999999998,93.62840000000001
395,5.326000000000001,96.30159999999998,5.133200000000001,99.75680000000006,5.478199999999999,93.65359999999997
396,5.361199999999999,96.00759999999998,5.149799999999999,99.76440000000004,5.509600000000001,93.43500000000002
397,5.373200000000001,95.90240000000001,5.156000000000001,99.75860000000003,5.513399999999999,93.46260000000001
398,5.440800000000001,95.19759999999998,5.181199999999999,99.76280000000001,5.5872,92.71679999999998
399,5.464600000000002,94.94300000000001,5.1902,99.77180000000003,5.6158,92.41880000000003
400,5.452600000000001,95.06599999999999,5.185,99.76300000000005,5.599199999999999,92.58639999999997
401,5.53,94.0966,5.204,99.76580000000006,5.675200000000001,91.69219999999997
402,5.509599999999999,94.70479999999999,5.218999999999999,99.76860000000002,5.658000000000002,92.2476
403,5.611400000000001,93.47679999999998,5.2476,99.77340000000004,5.772999999999997,90.9
404,5.535799999999998,94.20900000000002,5.216799999999999,99.76659999999998,5.689799999999999,91.69220000000001
405,5.5710000000000015,94.11979999999998,5.245799999999999,99.76800000000004,5.7416,91.34480000000002
406,5.644000000000001,93.29480000000001,5.268799999999999,99.77220000000001,5.798999999999999,90.82660000000001
407,5.617600000000001,93.76179999999998,5.2703999999999995,99.76980000000005,5.772199999999998,91.28120000000001
408,5.642800000000002,93.62419999999999,5.286200000000003,99.76880000000003,5.806599999999999,91.01559999999998
409,5.398800000000001,95.64919999999995,5.164400000000001,99.76780000000001,5.561000000000002,92.8778
410,5.3048,96.8158,5.1414,99.77360000000003,5.4516,94.22640000000001
411,5.344600000000001,96.59599999999999,5.166,99.77720000000008,5.486999999999999,94.09019999999998
412,5.403200000000003,95.7726,5.177,99.77820000000007,5.5531999999999995,93.20639999999999
413,5.465200000000003,95.32440000000001,5.211799999999999,99.77860000000004,5.634999999999998,92.48160000000001
414,5.4752,95.213,5.214400000000001,99.77540000000005,5.635199999999998,92.5332
415,5.460800000000002,95.40939999999999,5.211799999999998,99.77940000000004,5.6057999999999995,92.957
416,5.4922,94.8386,5.209199999999998,99.778,5.6438,92.28339999999997
417,5.5416,94.54159999999997,5.2402,99.77740000000003,5.704799999999998,91.85900000000001
418,5.527,94.92179999999999,5.246999999999999,99.78400000000003,5.685,92.31020000000001
419,5.5752,94.16140000000001,5.250400000000002,99.78020000000002,5.7476,91.34940000000002
420,5.633000000000001,93.7438,5.283399999999999,99.77840000000003,5.793599999999999,91.1768
421,5.6226,93.76800000000003,5.273600000000001,99.77960000000003,5.7948,90.98200000000001
422,5.6216,93.8826,5.279,99.77600000000001,5.7799999999999985,91.32539999999999
423,5.6293999999999995,93.81759999999997,5.285400000000001,99.77840000000006,5.804200000000001,91.02860000000001
424,5.7244,93.1194,5.3351999999999995,99.77460000000005,5.8976,90.40639999999999
425,5.7396,92.63300000000002,5.321600000000001,99.77680000000004,5.915799999999998,89.8874
426,5.355,96.56880000000005,5.1754,99.77940000000002,5.505800000000001,93.93879999999997
427,5.3304,96.832,5.166399999999999,99.77440000000004,5.4914,94.00779999999997
428,5.3096000000000005,97.03479999999999,5.158399999999998,99.77300000000002,5.463600000000001,94.30839999999998
429,5.379200000000001,96.27360000000003,5.182000000000001,99.7754,5.5334,93.5904
430,5.5192,94.81179999999999,5.234400000000001,99.76760000000004,5.6937999999999995,91.9244
431,5.438600000000001,95.86640000000001,5.217,99.78060000000005,5.602200000000002,93.1024
432,5.486200000000001,95.42440000000002,5.236399999999999,99.77640000000002,5.6495999999999995,92.67080000000001
433,5.496200000000003,95.31599999999997,5.239800000000002,99.77460000000006,5.654599999999999,92.66900000000001
434,5.516800000000002,95.13600000000002,5.2494,99.77800000000005,5.701400000000001,92.06880000000001
435,5.565200000000001,94.7416,5.2742,99.78100000000002,5.731599999999999,92.0034
436,5.5712,94.40859999999999,5.26,99.77500000000005,5.729,91.8214
437,5.644399999999998,93.71539999999999,5.291000000000001,99.77580000000003,5.8076,91.09379999999999
438,5.6423999999999985,93.78779999999998,5.2932,99.77180000000007,5.806,91.16680000000001
439,5.6042,94.6098,5.304599999999999,99.76740000000005,5.775,91.8424
440,5.7182,93.15239999999999,5.331000000000001,99.76820000000004,5.920199999999999,89.96520000000002
441,5.6698,93.77699999999997,5.319399999999999,99.77060000000004,5.8488,90.9266
442,5.708399999999999,93.306,5.3302,99.77240000000003,5.879399999999999,90.6182
443,5.704999999999999,93.55600000000003,5.3413999999999975,99.76960000000007,5.889599999999997,90.65379999999999
444,5.785999999999999,92.73280000000001,5.3726,99.76500000000004,5.9804,89.71560000000001
445,5.372399999999999,96.49859999999998,5.1886,99.7648,5.535399999999999,93.6584
446,5.3389999999999995,97.05619999999998,5.188599999999999,99.75800000000001,5.505799999999999,94.11480000000003
447,5.374200000000001,96.58299999999997,5.195200000000001,99.76240000000006,5.5424,93.66620000000003
448,5.3096000000000005,97.3202,5.175999999999999,99.76440000000008,5.471400000000001,94.45000000000002
449,5.542199999999999,95.007,5.2672,99.76900000000003,5.714200000000001,92.17060000000001
450,5.49,95.72300000000001,5.2578,99.76600000000006,5.6743999999999994,92.60980000000004
451,5.4324,96.10139999999997,5.223399999999999,99.76540000000004,5.5962,93.28479999999999
452,5.543999999999999,95.165,5.278599999999999,99.76680000000007,5.722999999999998,92.21820000000001
453,5.496999999999999,95.698,5.263199999999999,99.76560000000005,5.680000000000002,92.62960000000001
454,5.659199999999999,93.9804,5.32,99.76120000000003,5.846800000000001,90.97879999999999
455,5.648199999999998,93.91019999999997,5.306800000000001,99.75659999999999,5.8348,90.90640000000002
456,5.638599999999998,94.28200000000001,5.317799999999997,99.7656,5.816999999999998,91.41800000000003
457,5.6958,93.61499999999998,5.335,99.76320000000004,5.8793999999999995,90.70739999999999
458,5.6292,94.42480000000002,5.317600000000002,99.76340000000003,5.815399999999999,91.43639999999999
459,5.718199999999997,93.38779999999998,5.3438,99.76120000000006,5.899400000000001,90.5474
460,5.772,92.86179999999999,5.365400000000002,99.75600000000003,5.955399999999998,90.01879999999997
461,5.763000000000001,93.257,5.378599999999999,99.74820000000001,5.9559999999999995,90.25699999999998
462,5.766999999999999,93.10739999999996,5.374999999999999,99.74940000000001,5.9536,90.20739999999999
463,5.794799999999999,92.94080000000002,5.392599999999999,99.74800000000006,5.9878,89.9606
464,5.800999999999999,92.82419999999998,5.391000000000002,99.74860000000001,5.989,89.91759999999996
465,5.800999999999999,92.92879999999997,5.397200000000001,99.74960000000004,6.0009999999999994,89.82640000000004
466,5.400999999999999,96.85059999999997,5.2374,99.74939999999998,5.5813999999999995,93.72859999999999
467,5.405399999999999,96.7408,5.2352,99.74459999999998,5.588000000000001,93.56659999999998
468,5.405199999999997,96.74580000000002,5.234799999999999,99.74880000000002,5.596199999999999,93.44140000000003
469,5.422199999999999,96.45159999999998,5.2345999999999995,99.74459999999999,5.6088,93.2502
470,5.447,96.389,5.255199999999999,99.74680000000001,5.6348,93.18459999999997
471,5.4958,96.0596,5.2834,99.7466,5.698199999999998,92.64819999999997
472,5.488000000000002,96.20260000000002,5.284199999999999,99.74619999999999,5.6838000000000015,92.91120000000002
473,5.486600000000001,96.03740000000002,5.2736,99.74859999999998,5.691600000000001,92.59759999999997
474,5.6398,94.35,5.324000000000001,99.74600000000002,5.835200000000001,91.18679999999999
475,5.618199999999999,94.83,5.331200000000001,99.74459999999998,5.812199999999999,91.6708
476,5.585799999999999,94.96019999999997,5.307600000000001,99.74799999999999,5.781999999999998,91.7542
477,5.541600000000001,95.84300000000002,5.3158,99.74960000000002,5.731,92.70580000000004
478,5.6148,94.85359999999999,5.3296,99.74379999999995,5.821400000000001,91.49879999999999
479,5.7062,93.98999999999998,5.3662,99.7408,5.911400000000001,90.7348
480,5.652799999999998,94.748,5.3595999999999995,99.7456,5.8488,91.5958
481,5.709,94.19239999999999,5.381600000000001,99.73899999999999,5.9154,90.92559999999999
482,5.799399999999999,93.1048,5.4049999999999985,99.73779999999996,6.006,89.92020000000001
483,5.7562,93.723,5.399799999999998,99.73380000000002,5.959199999999999,90.55779999999997
484,5.7874,93.48379999999999,5.4166,99.73419999999996,6.013200000000001,89.9922
485,5.803799999999999,93.19060000000002,5.4138,99.73179999999998,6.0102,90.006
486,5.8964,92.29899999999998,5.453999999999999,99.72319999999998,6.115999999999999,89.00699999999998
487,5.8248000000000015,93.06819999999998,5.427,99.73119999999996,6.03,89.90579999999999
488,5.3702,97.53120000000001,5.249,99.72359999999998,5.599000000000001,93.58320000000002
489,5.432,96.6084,5.254599999999998,99.72259999999997,5.645000000000001,92.95539999999997
490,5.3766,97.1654,5.233400000000001,99.72219999999996,5.5958000000000006,93.36320000000003
491,5.407399999999999,96.8786,5.2475999999999985,99.72439999999999,5.618599999999999,93.2562
492,5.461799999999998,96.5998,5.283200000000001,99.72579999999995,5.680600000000001,92.88920000000002
493,5.589000000000001,94.96599999999998,5.3098,99.72299999999997,5.802199999999999,91.4668
494,5.499599999999998,96.31680000000004,5.3031999999999995,99.72959999999995,5.729600000000001,92.4672
495,5.528199999999999,95.72419999999997,5.295599999999999,99.72259999999993,5.740999999999998,92.17720000000003
496,5.5177999999999985,96.26440000000001,5.316999999999998,99.72239999999996,5.728199999999998,92.7224
497,5.5936,95.34679999999997,5.3382000000000005,99.71879999999999,5.827799999999999,91.53340000000004
498,5.592400000000001,95.41939999999998,5.34,99.72559999999996,5.799600000000002,92.00240000000002
499,5.6457999999999995,95.03040000000001,5.369999999999999,99.71859999999997,5.865200000000001,91.49520000000001
500,5.588799999999999,95.6194,5.349600000000001,99.72279999999995,5.820600000000002,91.84020000000001
501,5.7358,94.0328,5.398999999999998,99.71459999999996,5.9708000000000006,90.34839999999998
502,5.694800000000002,94.39259999999999,5.380800000000002,99.71919999999993,5.914400000000003,90.91719999999998
503,5.743199999999998,94.0756,5.4087999999999985,99.71439999999996,5.979,90.39399999999998
504,5.744599999999999,94.04960000000001,5.408,99.71519999999997,5.976999999999999,90.39219999999999
505,5.739599999999999,94.2096,5.4125999999999985,99.7194,5.983199999999999,90.38739999999996
506,5.723200000000002,94.37480000000001,5.407000000000002,99.71379999999998,5.947600000000001,90.85759999999999
507,5.767799999999999,94.05019999999999,5.4302,99.71219999999995,5.996000000000001,90.49519999999998
508,5.803999999999999,93.63860000000001,5.4408,99.71119999999995,6.0443999999999996,89.90940000000002
509,5.893999999999998,92.7428,5.477,99.70100000000001,6.1366,89.10060000000001
510,5.899000000000001,92.84680000000002,5.487200000000001,99.70079999999999,6.147600000000001,89.11859999999999
511,5.8622000000000005,93.33759999999998,5.480600000000001,99.7026,6.098599999999999,89.73660000000004
512,5.900000000000001,92.70740000000002,5.4792,99.70659999999997,6.1364,89.13379999999998
513,5.397199999999999,97.39320000000002,5.268599999999999,99.69619999999995,5.586800000000002,94.09900000000002
514,5.405400000000001,97.18700000000003,5.263399999999999,99.69839999999996,5.5942,93.89480000000002
515,5.4136000000000015,97.0448,5.263999999999999,99.69439999999999,5.604200000000002,93.74679999999998
516,5.507999999999999,96.51859999999996,5.324199999999999,99.6992,5.708200000000001,93.13980000000001
517,5.4758000000000004,96.9132,5.3164,99.69999999999996,5.6625999999999985,93.71339999999998
518,5.510999999999999,96.34140000000001,5.317399999999999,99.70159999999994,5.7018,93.124
519,5.5006,96.47219999999996,5.314,99.70079999999999,5.690599999999998,93.25460000000001
520,5.5292,96.40100000000004,5.337,99.69879999999995,5.721400000000001,93.1626
521,5.594200000000001,95.60939999999997,5.3552,99.69639999999998,5.795,92.31420000000001
522,5.629200000000002,95.45779999999999,5.380400000000001,99.69479999999996,5.828199999999999,92.22579999999998
523,5.719000000000001,94.33160000000004,5.400600000000001,99.69479999999997,5.9258000000000015,91.05220000000001
524,5.618399999999999,95.58659999999998,5.376999999999999,99.69619999999995,5.8241999999999985,92.22500000000002
525,5.6141999999999985,95.68860000000002,5.378400000000002,99.70279999999997,5.8160000000000025,92.38259999999998
526,5.638599999999999,95.53020000000002,5.392199999999999,99.69899999999996,5.828599999999999,92.404
527,5.6478,95.54060000000003,5.402800000000002,99.70259999999996,5.847200000000002,92.30159999999998
528,5.7342,94.4906,5.4243999999999994,99.69319999999999,5.944600000000001,91.14399999999999
529,5.693800000000001,95.02299999999997,5.416199999999998,99.69439999999999,5.8892,91.88679999999998
530,5.7652,94.42760000000003,5.4506000000000006,99.69219999999997,5.9891999999999985,90.91999999999999
531,5.711400000000001,95.00219999999997,5.4326,99.69339999999994,5.913799999999997,91.772
532,5.821599999999998,93.54,5.453400000000001,99.69619999999998,6.0325999999999995,90.2906
533,5.8355999999999995,93.64960000000002,5.473,99.68780000000001,6.056000000000001,90.24919999999999
534,5.880799999999999,93.25499999999998,5.492800000000002,99.68479999999998,6.104800000000004,89.83619999999999
535,5.8897999999999975,93.10240000000002,5.493200000000001,99.6842,6.113800000000002,89.69559999999997
536,5.9193999999999996,92.9368,5.512000000000001,99.6804,6.150199999999999,89.45460000000001
537,5.8474,93.74060000000001,5.488800000000001,99.68519999999998,6.0692,90.31480000000003
538,5.989600000000003,92.15440000000002,5.535,99.6728,6.218199999999999,88.76860000000002
539,5.943600000000001,92.8494,5.5302,99.67399999999998,6.172400000000001,89.40459999999997
540,5.954400000000001,92.70739999999998,5.5328,99.67640000000003,6.177199999999998,89.39020000000002
541,5.452399999999999,97.243,5.315399999999999,99.67280000000001,5.624199999999998,94.2728
542,5.391199999999999,97.67339999999999,5.280200000000001,99.67080000000001,5.5638,94.63959999999997
543,5.4596,97.24639999999998,5.321999999999999,99.67040000000001,5.639399999999999,94.15879999999997
544,5.436199999999999,97.52660000000002,5.314799999999999,99.67439999999999,5.605199999999999,94.56740000000002
545,5.463999999999999,97.48679999999999,5.339599999999999,99.67399999999999,5.6462,94.3498
546,5.5658,96.40340000000002,5.3755999999999995,99.67320000000001,5.739200000000002,93.51579999999998
547,5.544200000000001,96.66980000000001,5.3687999999999985,99.677,5.7232,93.63559999999995
548,5.5234000000000005,97.06000000000003,5.373200000000001,99.67680000000001,5.696000000000002,94.14
549,5.6322,95.81180000000002,5.403599999999999,99.67900000000002,5.823199999999999,92.6674
550,5.564399999999999,96.72139999999999,5.393199999999999,99.67519999999996,5.744199999999999,93.7108
551,5.6854,95.26019999999998,5.4222,99.67799999999997,5.8798,92.11779999999999
552,5.713999999999999,95.035,5.437000000000001,99.67659999999998,5.901599999999998,92.02559999999995
553,5.675200000000001,95.47040000000001,5.425399999999999,99.6752,5.8812,92.14219999999997
554,5.693800000000001,94.93840000000004,5.411399999999998,99.67879999999997,5.868800000000004,92.10340000000001
555,5.7174000000000005,95.04839999999996,5.440199999999999,99.675,5.903999999999997,92.04340000000002
556,5.7829999999999995,94.31940000000003,5.4628,99.67220000000003,5.972400000000001,91.3242
557,5.802400000000002,94.1278,5.468400000000002,99.6718,5.988599999999999,91.2098
558,5.779,94.50380000000001,5.468999999999999,99.67399999999996,5.959599999999999,91.65479999999998
559,5.7918,94.38999999999999,5.474199999999999,99.6718,5.9849999999999985,91.34780000000002
560,5.796199999999999,94.25319999999999,5.469399999999999,99.67159999999996,5.988800000000001,91.21379999999999
561,5.847200000000002,93.98720000000002,5.5056,99.6648,6.049200000000001,90.86860000000003
562,5.8518,93.99279999999999,5.5093999999999985,99.66879999999999,6.0532,90.8864
563,5.858000000000001,93.77780000000001,5.5022,99.67159999999996,6.0656,90.58219999999997
564,5.915200000000001,93.036,5.514000000000001,99.67060000000004,6.1084000000000005,90.11300000000001
565,5.915800000000001,93.38480000000001,5.535200000000001,99.66379999999998,6.1146,90.36819999999997
566,5.907,93.73759999999999,5.5478000000000005,99.66259999999997,6.1152,90.55439999999999
567,5.912999999999999,93.45120000000001,5.536400000000001,99.66539999999999,6.116200000000001,90.3556
568,5.940799999999999,93.29339999999998,5.5544,99.6664,6.1398,90.3002
569,5.997999999999999,92.87659999999998,5.584200000000001,99.65279999999997,6.2052,89.7958
570,6.0367999999999995,92.21419999999998,5.582000000000001,99.65819999999998,6.244599999999999,89.154
571,5.983199999999999,93.02779999999998,5.579599999999998,99.66019999999997,6.201000000000001,89.77560000000003
572,5.4662,97.31500000000001,5.333400000000001,99.65179999999998,5.625399999999998,94.54960000000001
573,5.478199999999999,97.62059999999998,5.3618,99.65439999999998,5.633800000000001,94.91359999999999
574,5.506399999999998,97.2668,5.368599999999999,99.65539999999999,5.659000000000001,94.6284
575,5.474,97.61740000000002,5.358799999999999,99.65539999999996,5.628599999999999,94.949
576,5.533200000000001,97.03839999999998,5.3822,99.65579999999999,5.6904,94.37980000000002
577,5.535799999999999,97.04639999999999,5.383600000000001,99.65559999999999,5.691599999999999,94.38300000000001
578,5.594800000000001,96.64140000000002,5.419800000000001,99.65459999999997,5.7534,94.00519999999999
579,5.546800000000002,97.01519999999996,5.3936,99.6578,5.7101999999999995,94.25120000000001
580,5.565999999999999,96.8978,5.4048,99.6608,5.728400000000001,94.15059999999998
581,5.637399999999999,96.21,5.432800000000001,99.66099999999999,5.8248000000000015,93.13680000000004
582,5.602399999999999,96.54519999999998,5.4198,99.65459999999997,5.765000000000003,93.84640000000002
583,5.703800000000001,95.55760000000002,5.458799999999999,99.65759999999996,5.8776,92.752
584,5.7783999999999995,94.86559999999996,5.490200000000001,99.65439999999998,5.954399999999998,92.08840000000002
585,5.666000000000001,96.0988,5.454199999999998,99.65859999999995,5.833999999999999,93.35179999999998
586,5.777800000000001,94.63620000000003,5.474399999999999,99.65799999999997,5.941000000000002,92.03379999999999
587,5.744200000000001,95.29420000000002,5.482400000000001,99.65719999999999,5.908400000000001,92.66959999999999
588,5.7472,95.17299999999997,5.477799999999999,99.66259999999998,5.923399999999999,92.3528
589,5.717400000000001,95.66680000000001,5.477799999999999,99.66059999999997,5.884599999999999,92.9558
590,5.8064,94.65180000000001,5.5046,99.65679999999999,5.986200000000001,91.82220000000001
591,5.855599999999999,94.22279999999999,5.527200000000001,99.65519999999997,6.025400000000002,91.59319999999998
592,5.849400000000002,94.26679999999999,5.521999999999999,99.6602,6.0228,91.54939999999996
593,5.8806,93.91659999999996,5.5329999999999995,99.6578,6.061200000000001,91.13439999999999
594,5.943,93.20519999999999,5.5502,99.65619999999997,6.1251999999999995,90.44039999999997
595,5.926400000000001,93.60740000000001,5.558200000000002,99.6548,6.101200000000001,90.9422
596,5.920400000000001,93.72359999999999,5.558399999999999,99.6576,6.1035999999999975,90.92199999999998
597,5.962999999999999,93.62119999999997,5.5938,99.64779999999998,6.151400000000001,90.77839999999998
598,5.960200000000002,93.178,5.565200000000001,99.65779999999997,6.147599999999999,90.3474
599,5.9134,93.788,5.5566,99.65379999999998,6.090400000000002,91.0924
600,5.994200000000001,93.042,5.589800000000001,99.6526,6.179200000000001,90.27160000000003
601,5.911999999999999,94.12419999999999,5.5748,99.65220000000001,6.097200000000002,91.29399999999998
602,6.030400000000001,92.87859999999999,5.614999999999998,99.6532,6.2288,89.9262
603,6.007399999999998,93.09279999999997,5.605600000000001,99.65159999999996,6.201600000000002,90.19619999999999
604,6.079,92.6532,5.648,99.64679999999998,6.286999999999999,89.58159999999998
605,6.0626,92.66860000000001,5.634600000000002,99.64719999999997,6.254600000000002,89.8416
606,6.113,92.1508,5.651800000000001,99.64419999999998,6.309999999999999,89.2862
607,5.4776000000000025,97.80680000000002,5.3744,99.64239999999998,5.623399999999999,95.26760000000004
608,5.474399999999999,97.94499999999995,5.378999999999999,99.64179999999999,5.6166,95.45920000000002
609,5.5454,97.05800000000004,5.394800000000001,99.64659999999999,5.69,94.58439999999999
610,5.551799999999999,97.54740000000005,5.429799999999999,99.64959999999998,5.7017999999999995,94.97499999999998
611,5.5614,97.24899999999998,5.4222,99.6458,5.702999999999999,94.83599999999997
612,5.539000000000001,97.7384,5.429399999999999,99.64819999999997,5.6815999999999995,95.2774
613,5.5360000000000005,97.68700000000001,5.423800000000003,99.6506,5.6766,95.26620000000001
614,5.575600000000001,97.4144,5.4452000000000025,99.65419999999999,5.715599999999999,95.03660000000002
615,5.6224,96.6276,5.4446,99.64679999999998,5.765999999999999,94.23159999999999
616,5.6946,96.15159999999997,5.485600000000001,99.64799999999997,5.840000000000001,93.76719999999996
617,5.575200000000002,97.5446,5.4536,99.65459999999997,5.722,95.05040000000002
618,5.6356,96.83660000000002,5.468,99.65279999999997,5.7746,94.48540000000003
619,5.718599999999999,96.11380000000001,5.5056,99.65379999999998,5.8774,93.53900000000002
620,5.6416,96.7946,5.472600000000001,99.65180000000002,5.780799999999996,94.46680000000002
621,5.741200000000001,95.619,5.497800000000002,99.6532,5.892600000000001,93.1766
622,5.7238,96.09459999999999,5.510799999999998,99.65539999999999,5.882199999999999,93.53479999999999
623,5.793400000000003,95.12880000000001,5.519000000000001,99.6512,5.9700000000000015,92.317
624,5.703800000000001,96.40180000000002,5.508599999999999,99.65419999999996,5.850200000000001,94.00140000000003
625,5.8546,94.64659999999998,5.5498,99.65359999999997,6.005800000000002,92.27579999999998
626,5.847400000000001,94.72180000000002,5.5482000000000005,99.6524,6.004400000000001,92.24840000000002
627,5.877399999999999,94.6252,5.569799999999999,99.65539999999997,6.034399999999997,92.18900000000002
628,5.861000000000001,94.84800000000001,5.568199999999999,99.65539999999997,6.0316,92.1788
629,5.918399999999999,93.81640000000002,5.562000000000001,99.6574,6.065999999999999,91.54260000000002
630,5.9568,93.61660000000002,5.587199999999998,99.65379999999998,6.126799999999999,91.027
631,5.893599999999999,94.448,5.5756,99.656,6.0582,91.89560000000002
632,6.013399999999999,93.20120000000001,5.617199999999997,99.65259999999998,6.18,90.69899999999998
633,5.997199999999998,93.28260000000002,5.606,99.654,6.172599999999999,90.6526
634,5.9999999999999964,93.4818,5.6206,99.65079999999996,6.165000000000001,90.99640000000001
635,6.046600000000001,92.90439999999998,5.6312,99.65339999999998,6.2150000000000025,90.39480000000002
636,6.001799999999999,93.41759999999996,5.617999999999999,99.6534,6.172600000000001,90.83720000000002
637,5.9651999999999985,93.84819999999999,5.609400000000001,99.6534,6.126,91.41019999999999
638,6.030599999999998,93.04719999999996,5.625400000000001,99.65519999999998,6.198599999999999,90.56639999999999
639,6.0716,92.80120000000001,5.647600000000001,99.65480000000001,6.238599999999999,90.32540000000004
640,6.0702,93.2266,5.6732000000000005,99.64759999999995,6.247399999999996,90.59900000000003
641,6.105399999999998,92.51339999999995,5.664,99.64899999999997,6.281000000000001,89.93180000000002
642,6.126999999999998,92.49059999999997,5.683999999999998,99.65099999999997,6.317200000000001,89.7154
643,6.106799999999998,92.79839999999999,5.682399999999999,99.64959999999998,6.2867999999999995,90.16059999999999
644,6.1208,92.63959999999999,5.686199999999999,99.65419999999999,6.309800000000001,89.8724
645,6.1461999999999986,92.73899999999999,5.717600000000001,99.64840000000002,6.3346,89.99759999999996
646,5.507600000000001,98.17779999999999,5.4239999999999995,99.6648,5.6508,95.70720000000001
647,5.5656,97.4102,5.435600000000001,99.65899999999998,5.6998,95.12320000000001
648,5.525199999999999,98.03120000000001,5.432399999999999,99.66179999999999,5.658399999999998,95.7278
649,5.5874,97.4456,5.4566,99.66380000000002,5.7194,95.18480000000004
650,5.5624,97.6138,5.4437999999999995,99.66039999999997,5.698,95.28400000000002
651,5.593000000000001,97.43099999999997,5.4632,99.66500000000002,5.722399999999999,95.22179999999997
652,5.6416,96.82959999999997,5.473,99.66639999999998,5.773000000000001,94.6182
653,5.5624,97.72660000000002,5.451399999999999,99.6648,5.7036,95.31360000000002
654,5.609799999999999,97.25679999999998,5.468000000000001,99.66819999999996,5.7396,95.05339999999997
655,5.592,97.5354,5.467800000000002,99.66860000000003,5.7193999999999985,95.36800000000001
656,5.712999999999998,96.23360000000002,5.5064,99.67120000000003,5.8420000000000005,94.11739999999996
657,5.7398,96.286,5.535,99.67259999999996,5.8806,94.00219999999996
658,5.7174000000000005,96.26799999999999,5.5136,99.66940000000001,5.848000000000002,94.1156
659,5.671400000000001,96.86059999999999,5.5043999999999995,99.66979999999998,5.802800000000002,94.67040000000003
660,5.768799999999999,96.08900000000001,5.550999999999999,99.67180000000002,5.912000000000001,93.76900000000002
661,5.761199999999999,95.83180000000004,5.529599999999999,99.67079999999999,5.904399999999999,93.53540000000001
662,5.736999999999999,96.35900000000004,5.537999999999999,99.67059999999998,5.869199999999999,94.18460000000003
663,5.788600000000002,95.72860000000006,5.549600000000002,99.67540000000001,5.921599999999999,93.595
664,5.8614,95.09100000000001,5.581999999999999,99.67099999999999,5.998799999999999,92.92600000000002
665,5.771400000000001,96.1226,5.5577999999999985,99.6682,5.916600000000001,93.7808
666,5.8576,95.28559999999999,5.589599999999999,99.67460000000001,5.994200000000001,93.12499999999999
667,5.776199999999998,95.8114,5.5422,99.67639999999997,5.925999999999999,93.39740000000002
668,5.8338,95.3682,5.571000000000001,99.67559999999999,5.9708,93.1996
669,5.874200000000001,95.08579999999998,5.5936,99.67219999999996,6.0088,92.96279999999999
670,5.9764,93.79279999999999,5.614,99.6744,6.1162,91.64599999999999
671,5.871400000000002,95.16260000000003,5.594600000000002,99.6766,6.0192,92.82519999999998
672,5.9662000000000015,94.20820000000002,5.629200000000001,99.67179999999996,6.1296,91.69679999999998
673,6.0322,93.5478,5.6528,99.67400000000002,6.189600000000002,91.17879999999997
674,6.0062,93.82040000000002,5.644399999999999,99.676,6.171999999999998,91.3152
675,6.030999999999998,93.62699999999997,5.656800000000001,99.67419999999997,6.1903999999999995,91.2184
676,6.0729999999999995,93.2608,5.6754000000000016,99.67499999999997,6.2352,90.8406
677,6.054600000000001,93.51679999999996,5.671800000000001,99.67679999999997,6.2046,91.27600000000001
678,6.093399999999998,92.91159999999998,5.6742,99.67619999999997,6.2456,90.662
679,6.045199999999999,93.54579999999996,5.666399999999999,99.67459999999997,6.1994,91.24160000000002
680,6.053000000000001,93.48739999999997,5.669200000000002,99.67280000000001,6.212599999999998,91.09700000000002
681,6.0922,93.22579999999999,5.692200000000001,99.67300000000002,6.251,90.88140000000001
682,6.142,92.47180000000002,5.693800000000002,99.67479999999996,6.3034,90.11959999999999
683,6.2038,92.05359999999999,5.7285999999999975,99.67379999999997,6.370399999999997,89.652
684,6.169599999999999,92.5282,5.725000000000001,99.6744,6.3374000000000015,90.09639999999999
685,6.168000000000001,92.76640000000002,5.7372000000000005,99.67399999999999,6.346400000000002,90.15839999999999
686,6.2014,92.24600000000002,5.737,99.67280000000001,6.3784,89.676
687,6.180600000000001,92.91039999999997,5.758799999999999,99.67019999999998,6.364199999999999,90.24400000000001
688,6.189400000000001,92.76899999999998,5.757999999999999,99.67359999999995,6.364799999999998,90.23559999999999
689,6.203599999999999,92.35220000000001,5.745,99.67319999999998,6.3854,89.71060000000001
690,5.5234000000000005,98.165,5.4388,99.68079999999998,5.651599999999999,95.9298
691,5.615200000000001,97.6076,5.493000000000002,99.6938,5.7498000000000005,95.3354
692,5.5608,98.02360000000004,5.466599999999997,99.68819999999997,5.685999999999998,95.86399999999999
693,5.563199999999998,98.02920000000002,5.4684,99.6886,5.687799999999999,95.86159999999998
694,5.5756,98.0538,5.481800000000001,99.6934,5.700600000000001,95.90260000000002
695,5.5992,97.7728,5.488400000000001,99.69319999999996,5.725000000000001,95.61399999999998
696,5.6502,97.27820000000001,5.507599999999999,99.69519999999997,5.782200000000002,95.0616
697,5.603000000000001,97.89939999999999,5.499,99.69779999999996,5.7272,95.7888
698,5.6118,97.88919999999999,5.508000000000001,99.7021999999999,5.733199999999999,95.8184
699,5.672400000000001,97.2404,5.5268,99.70119999999999,5.7993999999999994,95.11560000000001
700,5.6438,97.74979999999998,5.529400000000001,99.70519999999996,5.7648,95.6984
701,5.665399999999998,97.49699999999999,5.535200000000001,99.70519999999995,5.787800000000002,95.43860000000002
702,5.660399999999998,97.60140000000001,5.537799999999999,99.70599999999996,5.778599999999999,95.59379999999997
703,5.707000000000001,97.19200000000002,5.557,99.71279999999996,5.826599999999998,95.19640000000001
704,5.726200000000001,96.90559999999999,5.5576,99.70939999999997,5.855999999999999,94.76740000000001
705,5.7128000000000005,96.9042,5.5444,99.70839999999998,5.8378,94.83080000000001
706,5.784800000000001,96.17219999999998,5.570599999999998,99.71099999999993,5.908399999999999,94.17460000000001
707,5.776400000000002,96.4614,5.579999999999999,99.71299999999995,5.8972000000000016,94.47800000000001
708,5.723400000000001,97.01480000000001,5.5614,99.71159999999996,5.8534000000000015,94.86179999999996
709,5.713400000000002,97.339,5.572600000000001,99.71479999999995,5.841200000000002,95.20899999999996
710,5.742199999999998,96.88580000000002,5.5714,99.71639999999998,5.862,94.90039999999995
711,5.8077999999999985,96.2312,5.5952,99.71959999999996,5.932599999999997,94.2122
712,5.846800000000002,95.73200000000001,5.6036,99.71839999999999,5.969200000000002,93.77580000000002
713,5.889600000000001,95.455,5.628800000000001,99.72299999999994,6.0278,93.28540000000001
714,5.919200000000001,95.00699999999999,5.6296,99.72619999999995,6.05,92.9848
715,5.9274000000000004,95.1962,5.648400000000002,99.72779999999997,6.057600000000001,93.17859999999999
716,5.855999999999999,95.99560000000007,5.627800000000001,99.72499999999998,5.9902,93.86380000000001
717,5.9841999999999995,94.22380000000001,5.643600000000001,99.72939999999991,6.1129999999999995,92.24319999999997
718,6.0624,93.47499999999998,5.6728000000000005,99.7324,6.199000000000003,91.42300000000002
719,6.009600000000001,94.28580000000004,5.6728,99.73219999999998,6.169599999999999,91.86380000000001
720,6.036799999999999,93.9464,5.6764,99.73399999999997,6.171799999999999,91.89479999999999
721,5.9498,94.8136,5.646599999999999,99.7298,6.076399999999999,92.85119999999998
722,6.080800000000002,93.5718,5.696600000000002,99.73499999999994,6.238800000000001,91.21480000000001
723,6.0412,94.084,5.688799999999998,99.73259999999996,6.181,91.961
724,6.154600000000001,92.54160000000002,5.7052,99.73759999999994,6.297199999999998,90.4566
725,6.095000000000002,93.545,5.709999999999999,99.7325999999999,6.2494,91.25859999999999
726,6.1798,92.6268,5.7349999999999985,99.73779999999994,6.330200000000001,90.44519999999999
727,6.117599999999999,93.50680000000003,5.728400000000001,99.73799999999997,6.2669999999999995,91.30960000000005
728,6.0816,93.96259999999998,5.7208,99.73559999999993,6.2284000000000015,91.7656
729,6.145800000000001,93.23659999999998,5.738599999999999,99.73739999999992,6.294,91.053
730,6.1578,93.1334,5.743199999999999,99.73739999999994,6.316800000000001,90.7878
731,6.1824,92.91799999999999,5.7546,99.74019999999994,6.335200000000001,90.67620000000002
732,6.2437999999999985,92.2996,5.7752,99.73999999999997,6.403799999999998,90.00800000000001
733,6.201599999999998,92.49499999999998,5.747400000000002,99.74079999999992,6.351199999999998,90.32359999999998
734,6.157400000000001,93.0932,5.7410000000000005,99.74039999999994,6.316200000000001,90.75060000000003
735,6.274,92.4636,5.814600000000001,99.74079999999996,6.443799999999998,90.02439999999999
736,6.182599999999999,93.14280000000001,5.768000000000001,99.74279999999995,6.338799999999997,90.85960000000001
737,6.273799999999999,92.42820000000003,5.812800000000001,99.74019999999994,6.443600000000001,90.00219999999999
738,6.2746,92.36959999999998,5.809600000000001,99.73899999999996,6.441599999999999,89.97839999999998
739,6.262399999999998,92.50740000000002,5.8065999999999995,99.73799999999994,6.4288,90.12459999999997
740,6.3145999999999995,92.32620000000003,5.8458000000000006,99.7371999999999,6.490199999999998,89.82060000000001
741,5.641599999999999,97.6526,5.5196000000000005,99.7484,5.7703999999999995,95.48299999999999
742,5.578199999999999,98.32799999999997,5.499200000000002,99.7418,5.702599999999999,96.17379999999997
743,5.595,98.02080000000002,5.497000000000001,99.7376,5.719399999999997,95.90080000000002
744,5.578199999999999,98.34920000000002,5.5009999999999994,99.74480000000003,5.704999999999999,96.16980000000001
745,5.595200000000001,98.19919999999998,5.5072,99.74459999999999,5.718599999999998,96.07979999999999
746,5.614400000000001,98.04160000000003,5.517000000000001,99.7492,5.738799999999998,95.919
747,5.6352,98.08140000000003,5.538599999999999,99.75880000000001,5.7608,95.95079999999999
748,5.5882,98.3396,5.5088,99.74680000000004,5.711799999999999,96.204
749,5.632000000000001,97.9158,5.526,99.7472,5.755999999999999,95.7966
750,5.657999999999999,97.92959999999998,5.551400000000002,99.76080000000006,5.790800000000002,95.69319999999999
751,5.693800000000001,97.60320000000003,5.566800000000001,99.76460000000003,5.8136,95.58899999999998
752,5.751,97.09319999999997,5.590400000000001,99.76820000000004,5.872799999999999,95.08179999999999
753,5.7462,97.03060000000004,5.5816,99.76840000000001,5.8664,95.0388
754,5.742999999999999,97.25220000000002,5.592400000000001,99.77180000000003,5.867399999999999,95.19159999999998
755,5.7358,97.32759999999996,5.590799999999998,99.77080000000005,5.863199999999999,95.21999999999998
756,5.752799999999999,97.06360000000002,5.590400000000001,99.77000000000002,5.883799999999999,94.90960000000001
757,5.833000000000001,96.41499999999998,5.6293999999999995,99.77699999999999,5.959199999999999,94.4104
758,5.7576,97.4092,5.6156,99.77900000000001,5.877999999999999,95.41740000000001
759,5.850799999999998,96.0858,5.623799999999999,99.77720000000001,5.974999999999998,94.08380000000002
760,5.848399999999999,96.2542,5.632400000000001,99.77800000000003,5.972999999999997,94.25319999999999
761,5.840399999999999,96.3352,5.6298,99.78180000000003,5.960600000000002,94.3996
762,5.8991999999999996,95.79360000000003,5.653599999999999,99.78280000000002,6.028800000000001,93.7286
763,5.839799999999999,96.17540000000001,5.620200000000002,99.77479999999997,5.961600000000001,94.21859999999998
764,5.897,95.765,5.6496,99.78300000000002,6.0176,93.8498
765,5.8805999999999985,96.08839999999996,5.652600000000002,99.78480000000002,6.0005999999999995,94.15199999999997
766,5.925800000000001,95.66599999999998,5.6724,99.78800000000001,6.0588,93.60519999999998
767,5.836999999999998,96.48179999999998,5.6358,99.778,5.9586000000000015,94.52379999999998
768,5.9486,95.5716,5.6857999999999995,99.78920000000005,6.080600000000003,93.50439999999998
769,5.949000000000001,95.40060000000003,5.676999999999998,99.78420000000004,6.0725999999999996,93.45559999999999
770,5.981999999999998,94.96860000000002,5.682800000000001,99.78800000000001,6.115599999999998,92.89540000000002
771,5.969599999999999,95.319,5.692400000000001,99.7904,6.093,93.39380000000001
772,5.9484,95.56159999999998,5.687200000000001,99.78620000000002,6.091400000000001,93.3352
773,6.072199999999999,94.017,5.711200000000002,99.7876,6.2098,91.93439999999998
774,6.097800000000001,93.73539999999998,5.719199999999997,99.78920000000002,6.228399999999999,91.78560000000003
775,6.0444,94.40560000000004,5.7086000000000015,99.78420000000006,6.1774000000000004,92.37739999999998
776,6.085800000000001,94.1812,5.734799999999999,99.78860000000003,6.228599999999999,92.0308
777,6.0536,94.5046,5.723000000000001,99.78960000000005,6.181799999999999,92.55279999999999
778,6.1202000000000005,93.80080000000004,5.7444,99.78740000000005,6.259000000000001,91.73459999999999
779,6.152799999999998,93.5614,5.761,99.78840000000002,6.303599999999999,91.33679999999998
780,6.175999999999997,93.24759999999998,5.763799999999999,99.7892,6.315800000000001,91.19760000000004
781,6.162000000000001,93.34319999999998,5.756199999999999,99.78840000000004,6.3012000000000015,91.30040000000002
782,6.1766,93.2314,5.763599999999999,99.78680000000003,6.315399999999999,91.19219999999997
783,6.209199999999998,92.81280000000001,5.769000000000002,99.78880000000002,6.349200000000001,90.75839999999998
784,6.254000000000001,92.51859999999996,5.7942,99.78960000000002,6.4,90.41879999999998
785,6.193400000000001,93.2806,5.7838,99.78680000000003,6.352400000000001,90.96419999999998
786,6.130400000000001,94.04700000000003,5.769000000000002,99.7876,6.2692,91.97800000000001
787,6.258800000000003,92.8474,5.8198,99.78559999999999,6.410400000000002,90.665
788,6.2639999999999985,92.78120000000001,5.8198,99.78780000000005,6.431000000000001,90.35939999999997
789,6.2578,92.91300000000003,5.822600000000001,99.78900000000002,6.413799999999998,90.67580000000002
790,6.255799999999999,93.21500000000002,5.838799999999997,99.78560000000003,6.426199999999999,90.75200000000001
791,6.304400000000003,92.34159999999999,5.831799999999999,99.787,6.471,89.96020000000003
792,6.287000000000001,92.77,5.841199999999999,99.78380000000003,6.4484,90.4524
793,6.287200000000002,93.02539999999999,5.8584,99.78399999999999,6.4622,90.51539999999997
794,6.322199999999999,92.2416,5.843200000000001,99.78340000000001,6.481400000000001,89.9852
795,6.344400000000002,92.33139999999997,5.869800000000002,99.78020000000001,6.510200000000001,89.9702
796,6.362,92.32119999999999,5.885800000000001,99.78400000000002,6.535400000000001,89.86039999999998
797,6.3641999999999985,92.60899999999998,5.9062,99.77500000000002,6.542999999999998,90.0804
798,6.3648,92.62160000000002,5.9075999999999995,99.7762,6.542200000000001,90.10419999999998
799,6.3536,92.4236,5.884600000000001,99.7824,6.523000000000001,90.0232
800,5.6156,98.21740000000001,5.5268,99.78640000000004,5.753199999999998,95.87039999999999
801,5.6062,98.35139999999997,5.525199999999999,99.78400000000003,5.7424,96.00699999999998
802,5.605599999999999,98.2116,5.5172,99.77840000000002,5.743999999999999,95.83400000000003
803,5.625,98.37159999999999,5.546200000000002,99.78680000000004,5.7616000000000005,96.04119999999998
804,5.630799999999999,98.36080000000001,5.550199999999998,99.79000000000002,5.764000000000001,96.08240000000002
805,5.635,98.20080000000003,5.5440000000000005,99.78500000000003,5.770200000000001,95.89339999999999
806,5.6292,98.3512,5.5489999999999995,99.78780000000008,5.762999999999998,96.0642
807,5.655,98.34339999999996,5.5724,99.79180000000001,5.7837999999999985,96.13699999999999
808,5.6743999999999994,98.22099999999999,5.585,99.79400000000001,5.805800000000001,95.99760000000002
809,5.6892,98.05400000000002,5.5878,99.79360000000005,5.818199999999998,95.87580000000001
810,5.6960000000000015,98.06639999999999,5.595999999999999,99.79560000000006,5.825999999999999,95.87719999999999
811,5.695400000000001,98.06620000000001,5.594999999999999,99.79500000000002,5.8260000000000005,95.87799999999999
812,5.7052,98.0896,5.606,99.79580000000006,5.8464,95.74820000000001
813,5.680599999999999,98.34960000000001,5.597799999999999,99.79640000000003,5.808799999999998,96.177
814,5.7703999999999995,97.3478,5.6234,99.79680000000008,5.900399999999999,95.2094
815,5.699200000000001,98.22059999999999,5.6082,99.79660000000004,5.8378000000000005,95.89299999999999
816,5.7728,97.37320000000001,5.627199999999999,99.79740000000001,5.905200000000001,95.1926
817,5.7752,97.6092,5.6446,99.79880000000003,5.8984000000000005,95.56000000000002
818,5.797399999999999,97.22720000000001,5.6422,99.79560000000005,5.927799999999999,95.0822
819,5.813399999999999,97.05019999999999,5.647000000000002,99.79700000000004,5.940600000000001,94.9618
820,5.803,97.36319999999999,5.6568000000000005,99.79660000000004,5.940999999999998,95.11339999999998
821,5.807799999999999,97.24480000000001,5.652799999999997,99.79740000000005,5.938000000000001,95.1154
822,5.819199999999999,97.26699999999995,5.665800000000001,99.8028,5.9472000000000005,95.16640000000005
823,5.879600000000003,96.46819999999997,5.6742,99.79840000000004,6.0072,94.4218
824,5.939000000000001,95.98459999999999,5.702199999999998,99.80080000000004,6.069400000000001,93.92399999999996
825,5.8908,96.63059999999997,5.6966,99.80200000000005,6.026399999999999,94.45739999999998
826,5.9474,95.9056,5.705399999999997,99.80300000000007,6.0854,93.73199999999999
827,5.8738,96.84539999999998,5.692399999999999,99.80060000000003,6.012199999999999,94.62559999999999
828,5.985200000000001,95.56439999999999,5.720400000000001,99.80120000000007,6.126400000000002,93.36599999999997
829,5.932400000000002,96.17600000000002,5.708600000000001,99.80020000000005,6.066399999999999,94.0582
830,5.954200000000001,95.94240000000002,5.714999999999999,99.80160000000005,6.101199999999998,93.64179999999996
831,5.940200000000001,96.1198,5.712999999999999,99.80180000000004,6.0706000000000016,94.073
832,6.0329999999999995,95.23540000000001,5.746999999999999,99.80100000000004,6.168000000000001,93.15499999999996
833,6.033599999999999,95.12540000000003,5.7392,99.80380000000007,6.164000000000001,93.11020000000002
834,6.098200000000002,94.49159999999996,5.763999999999999,99.80080000000007,6.2437999999999985,92.2984
835,6.114800000000002,94.23339999999999,5.764600000000001,99.80020000000006,6.254399999999999,92.1602
836,6.120000000000001,94.21560000000004,5.7672,99.80020000000005,6.257600000000001,92.14959999999999
837,6.0283999999999995,95.46260000000002,5.756799999999999,99.80040000000004,6.169199999999998,93.28620000000001
838,6.1286000000000005,94.31439999999996,5.782400000000001,99.80160000000005,6.2688000000000015,92.21959999999999
839,6.126400000000001,94.19319999999999,5.772,99.79980000000003,6.2616000000000005,92.15039999999998
840,6.1498000000000035,94.00639999999997,5.783399999999999,99.79980000000006,6.289799999999999,91.9162
841,6.1712,93.8832,5.7966,99.79960000000004,6.312000000000001,91.79800000000003
842,6.1786,93.91320000000002,5.806200000000001,99.79620000000006,6.330799999999999,91.66679999999998
843,6.223200000000002,93.37640000000002,5.8153999999999995,99.79840000000006,6.368,91.2766
844,6.2581999999999995,92.95620000000001,5.822200000000002,99.79600000000003,6.4222,90.54980000000002
845,6.2498000000000005,93.17679999999994,5.828999999999997,99.79780000000004,6.418600000000001,90.71659999999999
846,6.257000000000001,92.9682,5.822400000000001,99.79820000000005,6.402800000000001,90.85719999999998
847,6.297399999999999,92.71860000000001,5.8462,99.79560000000009,6.4521999999999995,90.50419999999998
848,6.3164,92.63780000000001,5.859799999999998,99.79160000000006,6.4726,90.40439999999998
849,6.218800000000001,93.613,5.8264,99.79220000000004,6.368,91.43879999999999
850,6.349199999999999,92.255,5.867599999999999,99.79140000000005,6.5112,89.97
851,6.24,93.64579999999998,5.848799999999999,99.78960000000005,6.3961999999999986,91.37219999999999
852,6.305799999999998,92.82880000000002,5.8622000000000005,99.78860000000003,6.465,90.5618
853,6.308399999999998,92.7956,5.862599999999999,99.79120000000005,6.465200000000003,90.5424
854,6.298600000000002,92.90379999999999,5.858599999999999,99.79080000000005,6.452999999999999,90.6884
855,6.380199999999999,92.325,5.9026,99.78120000000001,6.548199999999997,89.95540000000001
856,6.332800000000001,92.88279999999997,5.890599999999999,99.78180000000002,6.498400000000001,90.516
857,6.334999999999999,92.52279999999999,5.8706000000000005,99.79020000000003,6.504199999999998,90.12300000000003
858,6.377000000000001,92.5634,5.914200000000001,99.77940000000004,6.549000000000001,90.14920000000001
859,6.384800000000002,92.39200000000001,5.9106000000000005,99.77940000000004,6.5558000000000005,89.98839999999998
860,6.421199999999999,92.34340000000003,5.9436,99.77120000000005,6.601800000000001,89.81279999999998
861,6.378399999999998,92.90699999999997,5.937200000000001,99.77140000000004,6.555,90.4118
862,6.419999999999998,92.57099999999998,5.9556,99.76640000000002,6.611000000000001,89.87260000000002
863,6.398400000000001,92.57639999999999,5.936000000000003,99.77220000000003,6.575600000000001,90.089
864,6.413999999999999,92.48800000000001,5.9446,99.77140000000001,6.592600000000001,89.9842
865,6.3969999999999985,92.82860000000004,5.950199999999999,99.76840000000001,6.576199999999999,90.3042
866,6.415799999999998,92.78120000000003,5.965600000000002,99.76320000000005,6.601200000000002,90.18699999999998
867,6.415199999999998,92.77499999999998,5.964199999999998,99.7642,6.5982,90.1918
868,6.447799999999997,92.62899999999999,5.986999999999998,99.75699999999999,6.636,89.988
869,6.388199999999999,93.24220000000003,5.968400000000002,99.75640000000001,6.5813999999999995,90.51039999999998
870,5.646600000000001,98.35620000000003,5.5674,99.76939999999999,5.8086,95.61800000000001
871,5.656600000000001,98.37919999999997,5.578199999999999,99.76940000000002,5.817599999999999,95.6596
872,5.6808,98.22259999999999,5.592000000000001,99.77500000000002,5.840200000000001,95.54279999999999
873,5.707000000000002,98.06280000000002,5.6064,99.77740000000007,5.8634,95.44000000000001
874,5.7026,98.2224,5.6128,99.77400000000002,5.8608,95.571
875,5.696000000000001,98.34660000000002,5.614199999999999,99.77620000000003,5.861399999999998,95.58099999999996
876,5.700399999999998,98.24439999999998,5.611800000000001,99.77360000000004,5.859400000000001,95.566
877,5.7162000000000015,98.08360000000002,5.617800000000001,99.77540000000005,5.874600000000002,95.4462
878,5.702399999999998,98.2068,5.611600000000001,99.77380000000002,5.8588,95.56860000000002
879,5.7181999999999995,98.373,5.636799999999999,99.78040000000004,5.882999999999997,95.63259999999998
880,5.717399999999997,98.36059999999999,5.6364,99.77680000000005,5.8732000000000015,95.75880000000002
881,5.7188,98.38540000000003,5.6386,99.77680000000004,5.8744,95.77080000000004
882,5.752800000000001,97.93220000000001,5.6422,99.77460000000005,5.905399999999999,95.37739999999997
883,5.738799999999999,98.38859999999998,5.658600000000002,99.77840000000002,5.8923999999999985,95.8152
884,5.740399999999999,98.2422,5.652199999999999,99.77480000000006,5.8982,95.6266
885,5.7554,98.23879999999997,5.665000000000001,99.77900000000001,5.908399999999997,95.68800000000002
886,5.797999999999999,97.68560000000001,5.672799999999998,99.77700000000003,5.952599999999999,95.14540000000001
887,5.7814,97.78960000000002,5.661999999999998,99.77620000000005,5.937399999999999,95.21259999999998
888,5.7778,98.07520000000004,5.677199999999998,99.77940000000004,5.929600000000001,95.56859999999998
889,5.8351999999999995,97.67379999999999,5.7082,99.78120000000008,5.986399999999998,95.20559999999998
890,5.8524,97.49960000000002,5.7138,99.78320000000004,6.000999999999998,95.07440000000003
891,5.824199999999998,97.63759999999998,5.695600000000002,99.78180000000002,5.985000000000001,95.03199999999998
892,5.843399999999999,97.53919999999997,5.706399999999999,99.77920000000006,5.994200000000001,95.06999999999998
893,5.872800000000001,97.2482,5.717599999999999,99.78300000000002,6.023399999999999,94.81740000000003
894,5.901799999999998,97.22160000000004,5.7446,99.78300000000003,6.059,94.695
895,5.889200000000001,97.0922,5.7242,99.77980000000007,6.040200000000001,94.66499999999996
896,5.911600000000002,96.92519999999996,5.735400000000002,99.7862,6.07,94.39859999999999
897,5.873999999999998,97.415,5.729399999999999,99.78120000000003,6.0238,94.98780000000001
898,5.8923999999999985,97.11040000000001,5.728,99.78080000000004,6.043399999999999,94.68139999999998
899,5.8858,97.3852,5.739400000000001,99.77900000000004,6.034400000000001,94.98200000000003
900,5.942199999999998,96.785,5.7562000000000015,99.78200000000004,6.089000000000001,94.44739999999997
901,5.930400000000001,96.8466,5.7486,99.78020000000004,6.080800000000002,94.44999999999999
902,6.0014,96.19059999999999,5.776599999999999,99.77820000000003,6.153400000000001,93.81340000000004
903,6.034399999999998,95.91459999999998,5.7909999999999995,99.77680000000005,6.191799999999998,93.49879999999999
904,5.9954,96.29979999999998,5.776999999999999,99.78100000000003,6.147199999999999,93.92280000000004
905,5.995199999999999,96.23400000000001,5.7736,99.78040000000003,6.1542,93.7476
906,6.066199999999998,95.45400000000001,5.793200000000001,99.77720000000006,6.2318,92.92419999999998
907,6.054599999999999,95.57640000000004,5.790199999999996,99.77740000000007,6.207999999999999,93.21620000000001
908,6.1322,94.67180000000002,5.808000000000001,99.77260000000005,6.294000000000002,92.2446
909,6.099800000000001,95.20419999999996,5.809200000000001,99.77540000000003,6.257000000000001,92.8176
910,6.1008000000000004,95.23159999999999,5.812399999999999,99.77700000000003,6.2578000000000005,92.84639999999999
911,6.1880000000000015,94.29920000000001,5.838999999999999,99.77200000000005,6.3599999999999985,91.75280000000001
912,6.1836,94.222,5.830199999999998,99.77440000000003,6.343999999999998,91.859
913,6.169,94.62699999999997,5.8404,99.77200000000002,6.3318,92.20459999999999
914,6.234400000000001,93.685,5.845400000000001,99.77220000000003,6.396000000000003,91.3274
915,6.184000000000002,94.37700000000001,5.84,99.772,6.3524,91.87800000000001
916,6.187000000000001,94.50919999999998,5.850600000000001,99.76739999999998,6.361599999999999,91.92779999999999
917,6.223400000000002,94.08479999999997,5.860199999999999,99.76820000000004,6.3886,91.66759999999998
918,6.263600000000001,93.57599999999995,5.866599999999998,99.76539999999999,6.4422000000000015,90.9878
919,6.292999999999999,93.23959999999997,5.8748000000000005,99.76740000000001,6.461000000000001,90.8222
920,6.307400000000001,93.17700000000002,5.884600000000001,99.76539999999999,6.489000000000001,90.5708
921,6.288000000000002,93.44139999999999,5.882999999999999,99.76619999999998,6.456999999999998,91.00700000000002
922,6.2970000000000015,93.5248,5.896600000000002,99.7612,6.469000000000002,91.04739999999997
923,6.350199999999998,92.90419999999999,5.908199999999999,99.7584,6.5291999999999994,90.366
924,6.340399999999999,93.01020000000003,5.904799999999999,99.7586,6.5168,90.4936
925,6.395200000000001,92.32439999999998,5.9163999999999985,99.75800000000001,6.574999999999999,89.8098
926,6.369999999999999,92.8414,5.924000000000001,99.7544,6.5504000000000016,90.2946
927,6.3886,92.4858,5.9204,99.7534,6.568999999999999,89.96420000000002
928,6.333399999999998,93.44020000000002,5.9262000000000015,99.75320000000004,6.5122,90.87
929,6.399600000000003,92.33199999999997,5.920400000000002,99.75580000000002,6.579600000000002,89.80999999999999
930,6.4244,92.421,5.950399999999999,99.74520000000001,6.613199999999999,89.79039999999999
931,6.419,92.6816,5.9633999999999965,99.74099999999999,6.613199999999997,89.97139999999997
932,6.451999999999998,92.2036,5.963599999999999,99.73980000000005,6.6426000000000025,89.54379999999999
933,6.449400000000002,92.49139999999997,5.979799999999999,99.737,6.646400000000001,89.75380000000001
934,6.3962,92.85380000000005,5.949999999999999,99.74760000000002,6.5834,90.22679999999998
935,6.4354000000000005,92.484,5.965400000000001,99.74339999999997,6.634200000000001,89.7022
936,6.441999999999999,92.67460000000001,5.983999999999998,99.735,6.6400000000000015,89.9142
937,6.424000000000001,92.7078,5.968799999999999,99.7388,6.618400000000001,89.99700000000001
938,6.457799999999999,92.5352,5.990200000000002,99.7342,6.666600000000001,89.63
939,6.467000000000001,92.67160000000001,6.0088,99.72679999999998,6.6801999999999975,89.71019999999999
940,6.481599999999999,92.64300000000001,6.0214000000000025,99.7226,6.690200000000002,89.76439999999998
941,6.491000000000001,92.45900000000002,6.018200000000002,99.72339999999994,6.697599999999999,89.6062
942,6.4836,92.59640000000003,6.020599999999998,99.7224,6.6903999999999995,89.74060000000003
943,6.5006,92.58159999999998,6.036599999999998,99.71659999999999,6.712599999999998,89.66340000000002
944,6.4892,92.69019999999999,6.031200000000001,99.71879999999997,6.697199999999999,89.8126
945,6.4918000000000005,92.73019999999998,6.036399999999999,99.71799999999998,6.713599999999998,89.6664
946,6.476000000000002,93.05720000000001,6.0424,99.7136,6.685999999999998,90.14780000000002
947,6.5014,92.5722,6.0358,99.71859999999998,6.7138,89.6534
948,6.5236,92.85459999999999,6.075399999999999,99.70099999999998,6.744199999999999,89.824
949,6.522199999999999,92.82100000000003,6.0716,99.70219999999998,6.740999999999999,89.80380000000001
950,6.516199999999998,92.72099999999999,6.059799999999999,99.709,6.7318,89.7484
951,6.501199999999999,92.4804,6.030200000000001,99.72200000000002,6.708000000000002,89.6418
952,6.523199999999999,92.80639999999998,6.072,99.70439999999999,6.741200000000001,89.80279999999998
953,5.711200000000002,98.40260000000002,5.633999999999999,99.72799999999992,5.920399999999998,94.91520000000003
954,5.6972000000000005,98.39039999999999,5.6202,99.72339999999994,5.9052,94.90720000000002
955,5.706399999999998,98.417,5.6322,99.72699999999993,5.916399999999999,94.927
956,5.720200000000001,98.39380000000001,5.6435999999999975,99.72899999999998,5.927799999999999,94.95320000000001
957,5.7384,98.4108,5.6632,99.72939999999991,5.945600000000001,94.99100000000003
958,5.7231999999999985,98.4108,5.647800000000002,99.72899999999996,5.9302,94.97300000000001
959,5.7324,98.41200000000002,5.657,99.72979999999998,5.939400000000001,94.9868
960,5.722199999999999,98.40420000000002,5.645599999999999,99.72979999999994,5.9292,94.96379999999998
961,5.761,98.25520000000002,5.674599999999999,99.72959999999995,5.9677999999999995,94.85520000000002
962,5.744200000000001,98.39520000000002,5.667599999999998,99.72879999999994,5.9487999999999985,95.01
963,5.759999999999999,98.4288,5.6852,99.73279999999994,5.966599999999999,95.03239999999998
964,5.7829999999999995,98.42099999999996,5.707000000000001,99.73479999999992,5.9868000000000015,95.0766
965,5.772799999999998,98.27059999999997,5.687799999999999,99.73239999999993,5.9784000000000015,94.89620000000001
966,5.7904,98.27279999999999,5.705400000000001,99.73379999999993,5.994,94.9404
967,5.784000000000001,98.42000000000002,5.707799999999999,99.7325999999999,5.9862,95.0904
968,5.7875999999999985,98.2674,5.7021999999999995,99.73259999999995,5.991799999999999,94.93560000000001
969,5.8424000000000005,98.163,5.748200000000001,99.73379999999993,6.042199999999999,94.89920000000002
970,5.826000000000002,98.12939999999998,5.7303999999999995,99.73599999999993,6.027399999999999,94.8404
971,5.8142,98.29799999999997,5.729199999999999,99.73679999999993,6.026400000000001,94.84559999999998
972,5.812799999999999,98.28479999999998,5.727600000000001,99.73839999999993,6.0148,94.9942
973,5.8187999999999995,98.2748,5.733599999999999,99.73939999999995,6.020599999999997,94.98399999999998
974,5.876599999999999,97.84960000000001,5.763400000000001,99.73579999999993,6.0767999999999995,94.63720000000004
975,5.810999999999999,98.4224,5.734,99.73939999999993,6.010800000000001,95.15279999999997
976,5.890599999999999,97.565,5.7581999999999995,99.73599999999993,6.092000000000001,94.35379999999999
977,5.848399999999999,98.14840000000002,5.7524,99.73819999999996,6.048000000000001,94.9014
978,5.8696,97.83600000000003,5.754600000000002,99.73639999999995,6.0691999999999995,94.62100000000002
979,5.876400000000001,98.00119999999995,5.7714,99.73779999999992,6.084200000000001,94.67020000000001
980,5.915200000000001,97.4798,5.776400000000001,99.73319999999994,6.118199999999999,94.23999999999998
981,5.887599999999999,97.86800000000001,5.773600000000001,99.73879999999996,6.085800000000002,94.66760000000001
982,5.8370000000000015,98.27839999999996,5.750800000000002,99.73699999999994,6.035199999999999,95.0458
983,5.9319999999999995,97.41220000000003,5.7884,99.73779999999994,6.129600000000002,94.25959999999999
984,5.9886,96.83640000000001,5.806800000000001,99.73739999999997,6.185999999999999,93.73000000000002
985,5.9243999999999994,97.42660000000002,5.781599999999998,99.73599999999995,6.124400000000001,94.24360000000003
986,5.935,97.58719999999998,5.802400000000001,99.73819999999995,6.133600000000001,94.42239999999998
987,5.941599999999999,97.572,5.808000000000002,99.73859999999993,6.1392,94.42560000000002
988,6.013799999999999,96.7712,5.827800000000002,99.73659999999994,6.2154,93.64399999999999
989,6.108000000000001,95.54619999999997,5.8412000000000015,99.73579999999994,6.3069999999999995,92.51719999999999
990,6.020200000000001,96.84119999999999,5.838000000000001,99.73859999999995,6.215800000000001,93.793
991,6.0005999999999995,96.84779999999996,5.820200000000001,99.73819999999996,6.197600000000001,93.7776
992,6.063,96.33439999999997,5.8474,99.73239999999994,6.263400000000002,93.26039999999999
993,6.020400000000002,96.88779999999998,5.842,99.73879999999996,6.2272,93.67379999999999
994,6.084599999999999,96.21039999999999,5.860399999999999,99.73179999999995,6.2942,93.00500000000002
995,6.202599999999998,94.8382,5.887199999999998,99.72899999999996,6.407399999999999,91.79900000000006
996,6.083799999999999,96.25299999999999,5.8626,99.73259999999995,6.2858,93.16839999999998
997,6.2054,94.87299999999998,5.893200000000002,99.72799999999998,6.423600000000001,91.66259999999998
998,6.111000000000001,96.1918,5.8866,99.72659999999995,6.316200000000001,93.07799999999997
999,6.1358,95.64620000000002,5.874599999999998,99.73319999999995,6.336799999999998,92.60640000000001
1000,6.190199999999999,94.99039999999997,5.885800000000001,99.72799999999994,6.406000000000001,91.79399999999998
