2,1,73.143,1.3334,53.885,1,73.143
3,1.3258,83.1238,1.61,68.8574,1.3438,82.098
4,1.607,85.9092,1.926,72.0552,1.6786,83.1194
5,1.7796,89.6058,2.0888,76.5728,1.9792,81.8222
6,1.9346,91.0822,2.1934,80.5152,2.1124,84.702
7,2.1246,92.227,2.3718,82.7176,2.3638,84.864
8,2.186,92.5906,2.5096,80.9648,2.5982,81.1932
9,2.3896,92.5988,2.6888,82.486,2.8938,79.3516
10,2.438,94.81,2.716,85.3634,2.9622,80.6436
11,2.5456,93.8604,2.8292,84.6694,3.077,80.5736
12,2.6182,93.6102,2.8988,84.7318,3.2994,77.899
13,2.715,93.9954,2.9594,86.3652,3.3428,80.7068
14,2.6816,93.9842,2.9124,86.6534,3.1084,84.0524
15,2.7228,94.0714,2.9968,85.594,3.2974,81.4624
16,2.9494,93.9748,3.272,84.8456,3.7224,78.3488
17,2.8792,94.2652,3.1268,86.8416,3.3832,82.8302
18,2.9404,93.8858,3.2044,86.2472,3.6644,79.0818
19,3.0002,94.5504,3.2466,87.6,3.655,80.856
20,3.0582,93.9334,3.3116,86.8442,3.8858,78.0154
21,3.0984,93.8472,3.3264,87.505,3.8676,78.7742
22,3.2196,93.9032,3.4508,87.7016,4.1136,76.8844
23,3.1654,93.9878,3.3664,88.4268,3.8994,79.9904
24,3.2564,94.3158,3.4956,87.968,4.271,76.8204
25,3.1714,94.4072,3.3924,88.3442,3.995,79.7444
26,3.3036,94.2278,3.5404,87.983,4.3684,75.8912
27,3.3462,93.6074,3.561,87.966,4.3512,76.6486
28,3.3298,94.1076,3.5612,88.0826,4.2914,77.8238
29,3.3922,94.0024,3.649,87.464,4.4496,76.5546
30,3.3162,95.0008,3.5824,88.0214,4.1528,80.2554
31,3.449,93.9352,3.7162,87.305,4.4744,76.911
32,3.5456,93.829,3.833,86.902,4.6832,75.3184
33,3.451,93.8076,3.7064,87.3714,4.3904,78.4846
34,3.5012,94.4916,3.7638,88.0064,4.4528,78.5296
35,3.6482,94.0278,3.8972,88.1662,4.8034,75.7246
36,3.607,93.9226,3.8626,87.7982,4.771,75.3554
37,3.5758,95.0538,3.8116,89.2844,4.4688,80.2784
38,3.7212,93.5468,3.966,87.8326,5.0452,73.2962
39,3.5054,94.8428,3.7138,89.5586,4.2618,81.5764
40,3.6798,94.0934,3.9038,88.768,4.8074,76.3584
41,3.5674,95.386,3.7818,90.1006,4.3932,81.4566
42,3.7466,94.0658,3.9634,88.9814,4.8762,76.2806
43,3.5584,95.3152,3.755,90.4126,4.3148,82.384
44,3.7304,94.1022,3.9274,89.4486,4.8006,77.397
45,3.7952,93.9028,4.0086,89.0204,5.0946,74.703
46,3.7696,94.2224,3.9648,89.6092,4.9412,76.6098
47,3.7044,94.6944,3.8892,90.1942,4.6362,80.1432
48,3.8714,94.2208,4.0878,89.313,5.2978,73.676
49,3.849,94.265,4.0564,89.5084,5.176,75.2514
50,3.8066,94.2962,3.9862,90.0672,4.8676,78.6658
51,3.9524,93.2614,4.1442,88.9586,5.3978,73.5472
52,3.7868,95.1514,3.9548,91.154,4.649,82.2098
53,3.8584,94.8292,4.0546,90.3038,4.9612,78.8748
54,3.7708,95.1838,3.9446,90.9942,4.5546,82.9634
55,3.85,94.2446,4.054,89.563,5.0536,77.382
56,3.9774,93.4032,4.1932,88.6722,5.5298,72.473
57,3.9542,93.6398,4.1536,89.1912,5.2044,76.505
58,3.9164,95.1716,4.1502,89.8892,5.0954,78.396
59,3.9186,94.816,4.1356,89.8972,5.0668,78.7136
60,4.0186,93.6898,4.2506,88.5944,5.4418,74.4782
61,4.0126,94.5914,4.2308,89.7916,5.1636,78.5752
62,3.9902,94.5486,4.2378,89.071,5.228,77.4168
63,3.9922,94.7308,4.269,88.6798,5.2512,77.173
64,3.9886,94.923,4.2586,88.9772,5.1072,78.6814
65,3.9946,94.9692,4.2516,89.3266,5.187,78.5646
66,4.0766,94.7238,4.3476,88.9006,5.4218,76.4192
67,4.1112,94.18,4.371,88.6668,5.5718,74.6486
68,4.0986,93.9244,4.3532,88.4632,5.5354,74.519
69,4.1152,94.618,4.345,89.6734,5.3444,77.7664
70,4.1482,93.7088,4.3734,88.9214,5.6202,74.561
71,4.1182,94.542,4.3544,89.4666,5.3764,77.0612
72,4.1534,94.6778,4.403,89.3996,5.5394,75.7914
73,4.1972,93.6764,4.3954,89.4916,5.555,75.6004
74,4.1766,94.0288,4.4216,88.8588,5.8098,72.4674
75,4.2334,94.2288,4.4602,89.4982,5.7068,74.5064
76,4.2388,93.973,4.4418,89.7294,5.6632,74.994
77,4.1824,94.643,4.4016,89.9696,5.5948,75.8962
78,4.1754,94.4174,4.3618,90.3916,5.337,78.8258
79,4.1588,94.7266,4.3616,90.3862,5.3856,78.0048
80,4.2552,94.458,4.4548,90.2964,5.6016,76.502
81,4.1748,94.9554,4.3778,90.6238,5.3932,78.436
82,4.2492,94.1576,4.452,89.8988,5.6914,75.0386
83,4.1982,94.9744,4.3668,91.35,5.208,80.775
84,4.2992,93.8374,4.4908,89.8462,5.7916,74.4832
85,4.2272,94.7626,4.419,90.718,5.4436,78.136
86,4.2954,94.0576,4.4658,90.4752,5.5838,77.0626
87,4.3504,93.609,4.5388,89.733,5.9366,73.2838
88,4.3098,94.6238,4.4972,90.7336,5.659,76.9798
89,4.3094,94.365,4.507,90.257,5.7496,75.572
90,4.3504,94.0714,4.5408,90.1708,5.9032,74.487
91,4.3778,94.1938,4.5548,90.5844,5.8448,75.4664
92,4.3588,94.3812,4.5322,90.7958,5.7624,76.6666
93,4.4524,93.9886,4.6294,90.4352,6.0362,74.09
94,4.2862,95.2592,4.4884,91.0454,5.6172,78.2238
95,4.3152,94.9812,4.487,91.4282,5.5844,79.0498
96,4.4294,94.0018,4.606,90.4556,6.0886,73.9576
97,4.3662,94.4128,4.557,90.5088,6.0074,74.3834
98,4.3842,94.6344,4.5574,91.0518,5.8894,76.377
99,4.4854,94.0694,4.688,90.059,6.4678,70.4872
100,4.3616,94.8202,4.5456,91.0224,5.7958,77.3804
101,4.4374,94.1328,4.6098,90.6352,5.9784,75.5006
102,4.4116,94.3936,4.5748,91.0638,5.822,77.4064
103,4.3928,94.6218,4.5766,90.8572,5.8638,76.7692
104,4.436,94.321,4.613,90.735,6.0198,75.6326
105,4.5354,93.6612,4.7376,89.7106,6.5026,70.761
106,4.3858,94.935,4.5776,91.0078,5.754,77.8854
107,4.436,94.5182,4.6194,90.79,5.8854,76.9506
108,4.5322,93.8824,4.7214,90.144,6.2762,73.3454
109,4.5292,94.299,4.7528,89.912,6.422,72.161
110,4.4552,94.2488,4.6348,90.6092,5.9294,76.6906
111,4.5154,94.1662,4.7136,90.2486,6.1496,74.5476
112,4.4466,94.6078,4.6432,90.6444,5.8964,77.1196
113,4.5184,94.22,4.7518,89.6294,6.2898,73.0784
114,4.5722,93.6982,4.7996,89.2866,6.5918,70.4884
115,4.5854,93.7984,4.8292,89.0784,6.6214,70.102
116,4.499,94.6348,4.7016,90.5854,5.9498,76.9306
117,4.5138,94.9514,4.7456,90.364,6.0482,76.6782
118,4.5726,93.9874,4.7832,89.9034,6.2794,73.9136
119,4.6264,93.2914,4.8418,89.1666,6.5206,71.4402
120,4.5176,94.9942,4.76,90.1932,6.0136,76.8454
121,4.5906,94.034,4.8218,89.5866,6.3324,73.7874
122,4.5682,94.506,4.793,90.073,6.0264,77.0704
123,4.5444,94.526,4.7766,89.9626,6.0124,76.8036
124,4.602,94.3204,4.8464,89.6218,6.2422,74.9742
125,4.5808,94.2366,4.8272,89.482,6.2604,74.3758
126,4.582,94.3944,4.8422,89.3836,6.2442,74.9618
127,4.5684,94.546,4.836,89.3488,6.2554,74.8538
128,4.5666,94.5838,4.8182,89.6838,6.1766,75.7824
129,4.6856,93.7032,4.961,88.529,6.8382,69.1046
130,4.6348,94.0634,4.8818,89.3472,6.3704,73.8524
131,4.613,94.3456,4.8764,89.2902,6.514,72.4742
132,4.6378,94.3056,4.8718,89.8324,6.2224,75.6586
133,4.6384,94.5338,4.8656,90.1654,6.1764,76.4336
134,4.6722,94.3482,4.9174,89.7074,6.4278,74.0162
135,4.6058,95.0288,4.8388,90.5076,6.0314,77.917
136,4.7458,93.4606,4.9706,89.2726,6.6426,71.905
137,4.69,93.8468,4.914,89.5972,6.5372,72.8406
138,4.6346,94.7502,4.8648,90.295,6.2138,76.2388
139,4.7158,93.7298,4.9396,89.484,6.5754,72.5542
140,4.6746,94.7598,4.9032,90.3734,6.3116,75.6152
141,4.7344,93.6718,4.9692,89.271,6.7902,70.417
142,4.5974,95.2906,4.7998,91.2982,5.8134,80.3346
143,4.649,94.5488,4.8622,90.4364,6.26,75.9926
144,4.6286,94.9502,4.8206,91.1896,5.9816,79.0644
145,4.6378,95.0898,4.8448,91.061,6.1484,77.472
146,4.8744,93.0286,5.0942,89.0338,7.1396,67.8968
147,4.7448,94.2854,4.9454,90.4958,6.3872,75.1654
148,4.808,93.6456,5.0182,89.7658,6.7892,71.2332
149,4.7632,94.0304,4.9744,90.09,6.6078,72.9122
150,4.7534,94.384,4.9732,90.2606,6.5636,73.4906
151,4.7736,94.1576,4.9844,90.2312,6.6486,72.7668
152,4.7542,94.0422,4.9398,90.5486,6.4486,74.6984
153,4.678,94.8016,4.868,91.1068,6.0634,78.2226
154,4.6676,94.8062,4.8494,91.2502,6.1104,77.7716
155,4.8136,93.632,5.0054,90.0682,6.7764,71.4368
156,4.7646,94.596,4.9512,91.066,6.343,76.2408
157,4.8002,94.2182,4.9954,90.5758,6.5766,73.913
158,4.8086,93.7418,4.9936,90.2556,6.6878,72.669
159,4.8466,93.7766,5.0648,89.7834,7.0052,69.7986
160,4.7144,95.0394,4.8934,91.58,6.0748,79.1276
161,4.759,94.7362,4.9536,91.0682,6.4396,75.2342
162,4.8752,93.7784,5.0536,90.5054,6.8418,72.0298
163,4.7412,94.8942,4.9176,91.512,6.1624,78.379
164,4.7542,95.1276,4.9486,91.4298,6.2048,77.8654
165,4.8062,94.7308,5.0198,90.7572,6.6242,73.876
166,4.7566,95.038,4.9464,91.4376,6.2932,77.4322
167,4.8966,93.8602,5.0842,90.4284,6.8308,72.0766
168,4.8344,94.4268,5.039,90.6232,6.7184,73.1068
169,4.7746,95.0744,4.9516,91.7128,6.1788,78.5112
170,4.9242,93.6484,5.0974,90.486,6.9166,71.7746
171,4.858,94.525,5.0322,91.2906,6.4706,75.9506
172,4.8796,93.9792,5.055,90.7322,6.776,72.724
173,4.8858,94.3366,5.0564,91.1972,6.5934,75.0266
174,4.8572,94.2328,5.0198,91.21,6.5602,74.9636
175,4.8078,94.9388,4.9692,91.8844,6.1734,78.9612
176,4.8448,94.6246,5.0202,91.3572,6.4314,76.473
177,4.7788,95.527,4.9436,92.3534,5.9794,81.168
178,4.82,95.0424,4.9852,91.9196,6.2248,78.6758
179,4.8348,94.8144,4.9882,91.928,6.2502,78.5822
180,4.9058,94.601,5.1034,90.991,6.7738,73.6568
181,4.858,94.8516,5.0206,91.8152,6.313,78.2464
182,4.8514,94.8138,5.01,91.8276,6.3364,77.9706
183,4.8598,94.946,5.043,91.5402,6.5428,76.0306
184,4.7494,95.8324,4.918,92.5754,5.9058,82.3606
185,4.8454,94.5822,4.999,91.6712,6.3496,77.5464
186,4.8614,94.9854,5.0304,91.8234,6.3996,77.6846
187,4.8372,95.2934,5.003,92.1702,6.3354,78.6826
188,4.8814,94.9504,5.0444,91.9076,6.4592,77.7308
189,4.9312,94.371,5.092,91.4148,6.827,74.097
190,4.979,93.9854,5.1524,90.8512,7.1456,71.0184
191,4.8676,95.232,5.0718,91.4706,6.7222,75.3264
192,4.822,95.2456,4.9738,92.34,6.1886,80.21
193,5.0044,93.6316,5.183,90.407,7.358,69.3636
194,5.006,93.9488,5.173,90.9542,7.1086,71.8034
195,4.8216,95.4898,4.9972,92.1562,6.2428,79.6772
196,4.8748,95.3606,5.054,91.997,6.4682,77.9112
197,4.8892,95.0604,5.054,91.997,6.5026,77.8616
198,4.9868,94.2524,5.149,91.3274,6.9114,73.9728
199,4.9642,94.3456,5.138,91.1732,6.9222,73.832
200,4.9342,94.47,5.0848,91.6822,6.6656,76.1382
201,4.9592,94.6812,5.1342,91.49,6.8154,74.911
202,5.066,93.944,5.2612,90.4826,7.4156,69.4566
203,4.8808,95.3088,5.0472,92.2022,6.2844,79.9002
204,4.879,95.1674,5.046,92.043,6.3838,78.7766
205,4.9612,94.5134,5.119,91.6248,6.7244,76.086
206,5.0114,94.4034,5.1942,91.1056,7.0348,73.2248
207,4.8568,95.9764,5.0304,92.6994,6.0812,82.1952
208,4.998,94.0748,5.1732,90.9014,6.9986,73.0868
209,5.0376,93.9134,5.208,90.868,7.101,72.3624
210,5.1122,93.749,5.3132,90.2336,7.6212,68.1744
211,4.8768,95.7636,5.047,92.5582,6.095,82.0532
212,4.9146,95.586,5.1036,92.0868,6.3298,79.915
213,4.9652,94.7102,5.1644,91.0772,6.8898,74.4488
214,4.9826,94.8,5.1706,91.3666,6.8338,75.3034
215,5.1466,93.3886,5.3394,90.042,7.6362,67.9506
216,4.9554,94.946,5.1246,91.8212,6.5058,78.502
217,5.0142,94.6294,5.2168,90.9904,7.0182,73.7928
218,5.0834,93.855,5.2916,90.1758,7.5192,68.933
219,5.0014,94.2416,5.1876,90.8702,6.99,73.6506
220,4.9628,94.7732,5.1406,91.4678,6.5544,77.8956
221,4.9698,94.8028,5.1494,91.5054,6.538,77.9932
222,5.0594,93.9732,5.2474,90.6112,7.083,72.982
223,5.0222,94.8058,5.197,91.6412,6.6496,77.4294
224,5.143,93.4928,5.3458,89.9768,7.6428,68.1446
225,4.9144,95.52,5.103,91.9882,6.245,80.943
226,5.0154,94.9258,5.2122,91.3742,6.6566,77.4076
227,5.0828,94.0428,5.2728,90.663,7.096,73.1248
228,5.1362,93.7802,5.3534,89.9932,7.547,69.1976
229,5.1264,93.953,5.3162,90.6104,7.2202,72.4864
230,4.9814,95.3826,5.1846,91.6634,6.381,80.042
231,4.976,95.0914,5.1666,91.5864,6.4108,79.5664
232,5.0084,95.671,5.2094,92.004,6.3788,80.666
233,5.07,94.3772,5.259,91.0156,6.8476,75.6702
234,5.2008,93.4576,5.4258,89.6016,7.7586,67.6448
235,5.1002,94.3814,5.3384,90.188,7.2834,71.6108
236,5.034,94.6868,5.2584,90.6746,6.841,75.5902
237,5.0158,95.0734,5.2402,91.0406,6.768,76.3752
238,5.0794,94.8768,5.292,91.096,6.778,76.7966
239,5.1968,93.5956,5.419,89.7814,7.54,69.6698
240,5.1166,94.8054,5.3496,90.7144,7.105,74.0824
241,4.9684,95.6938,5.1948,91.5452,6.2874,81.1602
242,4.9756,95.8014,5.1944,91.7816,6.187,82.3676
243,4.9622,95.8582,5.181,91.825,6.1508,82.5926
244,5.0892,94.856,5.334,90.5348,7.0138,74.7864
245,5.1116,94.5406,5.3316,90.672,6.9298,75.5432
246,5.1768,94.0408,5.3986,90.1946,7.3026,72.0512
247,5.0944,94.5918,5.346,90.1614,6.9262,75.2326
248,5.1038,94.6376,5.354,90.239,6.9706,75.1324
249,5.1,94.8892,5.345,90.5668,6.8084,76.7176
250,5.1368,94.6648,5.3722,90.5236,6.9034,76.1226
251,5.2412,93.378,5.5008,88.9928,7.7526,67.8792
252,5.183,94.4476,5.4308,90.1856,7.1898,73.6286
253,5.2468,93.9264,5.498,89.6756,7.5198,70.7096
254,5.0576,95.4066,5.2752,91.4786,6.501,79.8128
255,5.1112,95.0122,5.342,90.9348,6.7738,77.5034
256,5.125,94.9256,5.3658,90.7082,6.9462,75.8648
257,5.176,94.2248,5.4162,90.066,7.2714,72.6822
258,5.2386,93.694,5.485,89.5064,7.6438,69.4846
259,5.205,94.0506,5.4432,89.9614,7.3428,72.064
260,5.033,95.6186,5.2568,91.5738,6.413,80.6558
261,5.0824,95.4326,5.2972,91.592,6.5378,79.8938
262,5.13,94.878,5.3636,90.7716,6.9606,75.8032
263,5.132,94.8164,5.359,90.8134,7.0256,75.0664
264,5.0942,95.6124,5.3076,91.805,6.4454,80.9434
265,5.258,93.9014,5.5092,89.6422,7.7008,69.0496
266,5.2872,93.7708,5.5414,89.4914,7.8126,68.1412
267,5.0598,95.6522,5.2616,91.9912,6.3414,81.741
268,5.099,95.4926,5.3282,91.4184,6.7308,78.2374
269,5.214,94.2664,5.4262,90.5968,7.2192,73.6404
270,5.091,95.3858,5.2856,91.884,6.5216,79.9974
271,5.203,94.088,5.4272,90.2254,7.3312,72.073
272,5.2022,94.5108,5.4268,90.6266,7.2298,73.5302
273,5.3152,93.4848,5.5422,89.6774,7.8064,68.4184
274,5.1012,95.5816,5.3082,91.882,6.549,80.0348
275,5.1642,94.7824,5.3628,91.3042,6.8746,76.9362
276,5.2104,94.4574,5.4164,90.9066,7.148,74.502
277,5.122,95.734,5.312,92.3256,6.4178,81.689
278,5.2342,94.0708,5.436,90.5834,7.2818,73.0236
279,5.2472,94.0234,5.444,90.6486,7.3284,72.9002
280,5.3218,93.4822,5.5342,89.9062,7.7878,68.785
281,5.3618,93.5184,5.5832,89.8284,7.9086,67.8338
282,5.1596,95.0456,5.3434,91.7844,6.7618,78.3004
283,5.1688,95.1962,5.3768,91.5588,6.8656,77.3178
284,5.2134,94.6638,5.4202,91.073,7.1436,74.7238
285,5.1846,94.9726,5.373,91.6846,6.8342,77.849
286,5.1938,95.0386,5.391,91.5902,6.9386,76.9306
287,5.2598,94.222,5.456,90.8482,7.373,72.8092
288,5.2854,94.1632,5.4974,90.5548,7.5272,71.3926
289,5.374,93.044,5.5678,89.8306,7.898,67.7756
290,5.0894,95.8822,5.2588,92.7914,6.27,83.1366
291,5.1326,95.8508,5.3224,92.4778,6.5396,80.8244
292,5.2126,94.8082,5.39,91.7018,6.9464,76.916
293,5.2372,94.4176,5.4344,90.9914,7.253,73.7774
294,5.3036,94.1564,5.499,90.8606,7.4742,72.23
295,5.2552,94.2538,5.4326,91.1862,7.1758,74.6966
296,5.3164,94.0424,5.501,90.9166,7.434,72.522
297,5.3472,94.0712,5.5462,90.715,7.7202,70.5222
298,5.4146,92.9476,5.6184,89.566,8.2974,64.3726
299,5.0954,96.167,5.2706,92.9874,6.2846,83.2482
300,5.2382,94.9606,5.4442,91.405,7.232,74.6646
301,5.1882,95.606,5.3738,92.3352,6.7422,79.3244
302,5.2552,94.5998,5.424,91.664,7.1054,75.919
303,5.2774,94.5266,5.464,91.3116,7.397,73.4536
304,5.321,94.271,5.5316,90.702,7.6714,70.6456
305,5.3646,93.5334,5.5506,90.4062,7.8686,68.8086
306,5.3102,94.5678,5.505,91.2544,7.4032,73.3364
307,5.3906,93.4426,5.5776,90.3108,7.9234,68.3702
308,5.164,95.6624,5.3208,92.8252,6.5892,81.116
309,5.2262,94.907,5.387,92.0786,6.9352,77.6342
310,5.2002,95.2164,5.3694,92.2074,6.948,77.476
311,5.2776,94.7192,5.4398,91.9086,7.1584,75.9524
312,5.346,94.2426,5.5218,91.2594,7.6016,71.9662
313,5.3036,94.527,5.4646,91.7546,7.1794,75.5578
314,5.3192,94.4596,5.4934,91.4828,7.4448,73.391
315,5.352,94.3644,5.5264,91.425,7.4484,73.2752
316,5.4586,93.0698,5.6324,90.2188,8.1802,66.5822
317,5.3554,94.002,5.5422,90.871,7.8016,70.1684
318,5.1548,96.1844,5.305,93.4542,6.2638,84.2294
319,5.1696,96.173,5.3298,93.2998,6.3644,83.345
320,5.2412,95.3836,5.42,92.2524,7.0286,77.4632
321,5.223,95.7762,5.3862,92.907,6.6286,81.0822
322,5.303,94.5626,5.4586,91.863,7.18,75.5708
323,5.3438,94.3086,5.5026,91.5918,7.4564,73.5566
324,5.3494,94.5088,5.5092,91.7952,7.3186,74.7752
325,5.3534,94.5856,5.553,91.2,7.668,71.4396
326,5.4312,93.7326,5.6066,90.8246,7.9826,68.889
327,5.4276,94.0112,5.6052,91.0376,7.8164,70.2886
328,5.2376,95.3846,5.3844,92.7888,6.636,80.647
329,5.2162,95.7418,5.3812,92.8136,6.6488,80.598
330,5.2936,94.8386,5.4458,92.1976,6.9828,77.4094
331,5.2716,95.2736,5.4364,92.4142,6.9324,78.1276
332,5.2444,95.6578,5.4016,92.8956,6.6774,80.5724
333,5.3296,94.8608,5.4856,92.182,7.0876,76.8306
334,5.3078,95.1864,5.4824,92.191,7.106,76.6646
335,5.358,94.6976,5.521,91.9304,7.313,75.0032
336,5.3668,94.715,5.5396,91.7846,7.4216,74.0882
337,5.4672,93.6216,5.6382,90.8036,7.9638,68.9388
338,5.4988,93.2764,5.6776,90.3472,8.2122,66.5258
339,5.2158,96.1668,5.3706,93.4086,6.3934,83.3234
340,5.2246,96.0856,5.3762,93.3852,6.4136,83.2448
341,5.2232,95.6864,5.3746,93.0138,6.5586,81.4976
342,5.2628,95.4644,5.4062,92.9334,6.6472,80.8644
343,5.3476,95.0834,5.4974,92.515,6.9906,78.0506
344,5.3094,95.2792,5.4498,92.8516,6.7846,79.9374
345,5.381,94.5872,5.5424,91.8656,7.3362,74.6726
346,5.2988,95.6044,5.445,93.0462,6.6922,80.8722
347,5.3938,94.5874,5.5538,91.8774,7.3384,74.7432
348,5.3812,94.928,5.5404,92.236,7.2082,76.2836
349,5.441,94.1676,5.612,91.3028,7.668,71.6852
350,5.476,94.022,5.6332,91.4202,7.679,71.8704
351,5.1728,97.0476,5.31,94.541,5.8666,88.843
352,5.2722,95.6954,5.4154,93.1776,6.592,81.7904
353,5.1992,96.56,5.367,93.5768,6.3486,83.9886
354,5.3118,95.5862,5.4648,92.9254,6.8074,80.0634
355,5.362,95.1132,5.5042,92.6662,6.9966,78.4378
356,5.3888,94.9234,5.5294,92.5264,7.0614,77.89
357,5.3002,95.8438,5.4584,93.0828,6.7422,80.7044
358,5.4056,94.6944,5.5492,92.2656,7.3128,75.4372
359,5.4394,94.363,5.59,91.8472,7.4696,73.988
360,5.4814,93.912,5.6344,91.3814,7.7232,71.613
361,5.5026,93.8214,5.6558,91.2996,7.8274,70.8598
362,5.5128,93.9004,5.6778,91.1866,7.9014,70.168
363,5.5812,93.2524,5.75,90.518,8.338,66.2462
364,5.2752,95.7326,5.413,93.2798,6.6616,81.8048
365,5.3346,95.4972,5.4898,92.7992,7.0324,78.6658
366,5.2668,96.4288,5.4008,94.0234,6.3956,84.6036
367,5.3404,95.793,5.4812,93.3686,6.782,81.2892
368,5.4188,94.8278,5.5788,92.1232,7.4884,74.6802
369,5.4142,94.9448,5.5596,92.4702,7.3368,76.289
370,5.3732,95.4628,5.532,92.7418,7.1672,77.8462
371,5.42,94.6412,5.5736,92.0414,7.6008,73.6292
372,5.434,94.9068,5.586,92.3478,7.4494,75.4112
373,5.4978,94.0324,5.655,91.4386,7.9746,70.426
374,5.4582,94.8824,5.6136,92.2794,7.5406,74.7124
375,5.5088,94.1228,5.6758,91.364,8.085,69.601
376,5.5596,93.5668,5.7336,90.7262,8.4512,66.3108
377,5.596,93.345,5.7524,90.8438,8.4982,66.2718
378,5.2898,96.0822,5.4234,93.7114,6.5182,83.6024
379,5.2282,96.8386,5.3826,94.0968,6.2416,86.0836
380,5.3,96.1848,5.4516,93.5386,6.611,82.7844
381,5.4074,95.2616,5.5834,92.2824,7.4534,75.3632
382,5.3386,95.8174,5.4874,93.2332,6.8218,81.112
383,5.4136,95.1434,5.5582,92.6804,7.199,77.8588
384,5.4726,94.4646,5.62,92.0174,7.7038,73.3886
385,5.4416,94.9992,5.5822,92.6258,7.3208,76.9678
386,5.468,94.6552,5.6058,92.3404,7.4834,75.3696
387,5.5344,94.0456,5.6882,91.5196,8.0622,70.2836
388,5.506,94.3496,5.6528,91.9198,7.8082,72.703
389,5.4896,94.774,5.6376,92.3138,7.5938,74.6556
390,5.6242,93.0532,5.806,90.135,8.893,62.7228
391,5.5582,94.1842,5.7284,91.4186,8.1684,69.5982
392,5.6078,93.4532,5.7698,90.8554,8.5692,66.0594
393,5.2608,96.8894,5.4,94.394,6.1006,87.8586
394,5.2546,97.0274,5.4016,94.395,6.1036,87.8348
395,5.3146,96.1768,5.4698,93.4564,6.6406,82.8332
396,5.3896,95.5296,5.5402,92.9492,7.0568,79.3062
397,5.4092,95.4298,5.5612,92.846,7.136,78.6742
398,5.3726,96.04,5.511,93.6428,6.7194,82.6746
399,5.5184,94.474,5.6648,92.0458,7.8018,73.2772
400,5.4888,95.0434,5.6598,92.2118,7.6932,74.2326
401,5.5638,93.6548,5.7256,91.0276,8.3108,68.2504
402,5.5864,93.74,5.7442,91.1756,8.3342,68.34
403,5.5268,94.663,5.6792,92.1576,7.7282,73.801
404,5.6434,93.3588,5.8034,90.8126,8.6432,65.9108
405,5.6524,93.279,5.8242,90.548,8.8738,63.6292
406,5.5788,94.197,5.7432,91.5388,8.1106,70.4312
407,5.6016,93.9446,5.7794,91.0798,8.449,67.5996
408,5.6722,93.1282,5.8332,90.5838,8.8072,64.3818
409,5.3296,96.2916,5.479,93.6836,6.5312,84.2616
410,5.2688,97.0458,5.414,94.4448,6.0444,88.5876
411,5.4112,95.6282,5.5628,93.031,7.0054,80.1822
412,5.3492,96.4536,5.4922,93.9328,6.4542,85.2108
413,5.3708,96.2198,5.5194,93.6256,6.76,82.5564
414,5.3778,96.2922,5.546,93.4018,6.9522,80.825
415,5.4866,95.2766,5.68,92.0756,7.6762,74.4168
416,5.5256,94.5028,5.6894,91.7772,7.9088,72.363
417,5.5358,94.6036,5.6942,91.9932,7.8082,73.3998
418,5.5362,94.5784,5.715,91.6446,8.0108,71.5584
419,5.5832,94.1524,5.741,91.5898,8.0828,70.9468
420,5.4828,95.368,5.6506,92.5596,7.4306,76.7402
421,5.6088,94.328,5.779,91.5708,8.1658,70.4238
422,5.709,93.035,5.9016,90.0112,9.1484,61.7794
423,5.7042,92.784,5.8676,90.2106,9.0296,62.9664
424,5.7134,93.203,5.8818,90.5648,8.882,64.4128
425,5.7252,93.0444,5.9028,90.255,9.0644,62.6276
426,5.3036,96.87,5.4554,94.1928,6.1382,87.8816
427,5.2604,97.737,5.445,94.4774,6.007,89.3654
428,5.3978,96.2572,5.568,93.327,6.8034,82.486
429,5.3944,96.0562,5.5528,93.3358,6.7678,82.6276
430,5.3814,96.4468,5.5436,93.6464,6.5666,84.4558
431,5.4028,96.154,5.5756,93.2022,6.8862,81.7082
432,5.5022,94.9512,5.6584,92.3216,7.4626,76.5978
433,5.5198,94.8694,5.6892,92.0712,7.6122,75.1418
434,5.4688,95.3772,5.6334,92.6114,7.2182,78.6488
435,5.5234,95.1016,5.6956,92.237,7.5468,76.0266
436,5.563,94.529,5.7212,91.9254,7.7638,74.126
437,5.5536,94.658,5.7176,91.9654,7.775,74.0456
438,5.7764,92.4846,5.9524,89.7706,9.2476,61.0988
439,5.71,93.1732,5.891,90.3082,8.8486,64.5002
440,5.6246,94.2112,5.7936,91.5006,8.07,71.4376
441,5.6784,93.8402,5.8802,90.6146,8.6694,66.2368
442,5.7178,93.3706,5.9002,90.5086,8.7174,65.7536
443,5.8098,92.6118,5.9946,89.7764,9.302,60.817
444,5.7626,92.6838,5.9424,89.884,9.209,61.66
445,5.3708,96.6898,5.5448,93.6566,6.4066,86.0754
446,5.3718,96.5652,5.535,93.7124,6.3576,86.3068
447,5.414,96.127,5.5918,93.0802,6.7526,82.7744
448,5.372,96.6906,5.5364,93.8002,6.3096,86.9506
449,5.384,96.609,5.5712,93.3858,6.5766,84.5228
450,5.5014,95.4094,5.6796,92.4454,7.233,78.7276
451,5.49,95.6968,5.6658,92.7452,7.084,80.2924
452,5.5686,94.7424,5.7406,91.9084,7.628,75.3986
453,5.5516,94.6668,5.7236,91.832,7.6264,75.2288
454,5.449,96.1596,5.6234,93.175,6.7866,82.8538
455,5.6316,94.3558,5.8272,91.207,8.1184,71.208
456,5.6658,94.0652,5.8506,91.1158,8.2334,70.3394
457,5.6024,94.8102,5.782,91.8848,7.7422,74.6452
458,5.653,94.0486,5.8294,91.24,8.1108,71.3186
459,5.6606,94.2242,5.8422,91.3186,8.1202,71.4166
460,5.675,94.1088,5.8582,91.192,8.2716,69.9326
461,5.721,93.5354,5.8972,90.7378,8.4938,68.0702
462,5.7902,92.7386,5.985,89.715,9.1284,62.3116
463,5.7966,92.9438,5.9898,89.9844,9.1128,62.6024
464,5.7676,93.3884,5.9586,90.4312,8.748,65.9656
465,5.8406,92.8834,6.0632,89.4706,9.5294,59.271
466,5.3766,96.8686,5.5804,93.3626,6.3876,86.2784
467,5.3998,96.5586,5.5846,93.352,6.3884,86.2782
468,5.3998,96.9212,5.5828,93.744,6.2288,88.0186
469,5.4486,96.6294,5.6408,93.361,6.5328,85.533
470,5.524,95.6,5.7212,92.3172,7.1684,79.7078
471,5.501,96.1616,5.7004,92.8166,6.9028,82.2848
472,5.5162,95.7362,5.7124,92.4638,7.104,80.3944
473,5.5664,95.141,5.7618,91.9242,7.424,77.4034
474,5.5472,95.3698,5.7304,92.3312,7.1974,79.5898
475,5.6654,94.1682,5.8572,91.1052,8.013,72.3504
476,5.6074,95.2284,5.8026,92.054,7.492,77.3476
477,5.621,94.673,5.8136,91.5396,7.7196,74.8588
478,5.676,94.1942,5.8774,90.975,8.3242,69.6648
479,5.6174,94.8922,5.8342,91.405,7.8496,73.8834
480,5.7546,93.5178,5.958,90.344,8.578,67.5272
481,5.7162,94.023,5.9434,90.4416,8.4864,68.3074
482,5.7462,93.9016,5.9704,90.3922,8.6706,66.81
483,5.8048,92.951,6.011,89.7974,8.9426,64.2664
484,5.7694,93.6788,5.977,90.4436,8.6204,67.522
485,5.7788,93.654,5.9952,90.298,8.7036,66.7668
486,5.8404,92.926,6.068,89.439,9.2602,61.7706
487,5.9134,92.1818,6.1336,88.8898,9.6004,58.7676
488,5.4008,97.0592,5.6302,93.114,6.3454,87.1382
489,5.427,96.7416,5.637,93.1496,6.3326,87.2796
490,5.436,96.9896,5.6458,93.3862,6.2588,88.146
491,5.4068,97.3506,5.6222,93.625,6.0896,89.6498
492,5.4478,96.954,5.6562,93.392,6.2764,88.0892
493,5.5974,95.1232,5.8108,91.6276,7.3912,78.0824
494,5.5418,95.6094,5.7654,91.9156,7.1868,79.812
495,5.4584,96.8742,5.671,93.236,6.3766,87.1888
496,5.5234,96.0586,5.744,92.3696,7.0204,81.3574
497,5.6122,95.1064,5.823,91.6758,7.4096,78.0464
498,5.623,95.047,5.8466,91.4222,7.5932,76.492
499,5.5764,95.4878,5.799,91.8282,7.2898,78.9982
500,5.7066,94.1124,5.939,90.449,8.351,69.7474
501,5.6584,94.7486,5.8912,91.0094,7.8862,73.9212
502,5.6572,94.9964,5.883,91.3692,7.7082,75.6936
503,5.7478,93.8748,5.973,90.3512,8.4118,69.2592
504,5.71,94.598,5.9366,90.9998,7.9706,73.466
505,5.7574,94.131,6.0042,90.2912,8.439,69.2942
506,5.8334,93.0364,6.07,89.4202,8.9846,64.3374
507,5.7644,94.4246,6.0124,90.5702,8.4304,69.5964
508,5.848,93.236,6.0826,89.6684,8.904,65.3508
509,5.927,92.6282,6.1762,88.9054,9.437,60.725
510,5.8834,92.7798,6.129,89.0716,9.2664,62.0266
511,5.9034,92.7404,6.1638,88.8292,9.4526,60.4886
512,5.8784,93.3182,6.1204,89.6528,9.085,63.9534
513,5.461,96.8294,5.6654,93.3636,6.4564,86.531
514,5.4378,97.0562,5.6358,93.6576,6.2916,88.081
515,5.454,96.938,5.6536,93.5226,6.3778,87.2932
516,5.4802,96.5676,5.6684,93.3662,6.471,86.3602
517,5.4672,97.0928,5.6552,93.8748,6.215,88.9516
518,5.5378,96.2474,5.741,92.8534,6.8622,83.153
519,5.5792,95.687,5.7752,92.4444,7.1308,80.7188
520,5.5784,95.8274,5.7728,92.6178,7.0592,81.5158
521,5.6528,95.1152,5.8694,91.6248,7.7224,75.7128
522,5.6436,95.2468,5.8376,92.0848,7.4318,78.3106
523,5.6352,95.3506,5.8252,92.2286,7.3502,79.0208
524,5.6432,95.2418,5.848,91.9322,7.5166,77.4452
525,5.5994,95.8334,5.802,92.504,7.1518,80.7784
526,5.7072,94.5224,5.9038,91.3816,7.9052,74.1484
527,5.7452,94.3878,5.9608,90.9926,8.1682,71.8668
528,5.7394,94.2816,5.9392,91.1038,8.088,72.5458
529,5.7916,93.7474,6.0154,90.278,8.6382,67.6376
530,5.7762,94.1096,6.0006,90.5928,8.4584,69.3388
531,5.7646,94.3864,5.976,91.0638,8.289,71.0114
532,5.8008,94.0482,6.009,90.8124,8.389,70.2328
533,5.8174,93.8416,6.0322,90.5262,8.6504,67.7846
534,5.8548,93.5574,6.0772,90.1396,8.8596,66.1758
535,5.8954,92.967,6.112,89.7004,9.1234,63.7292
536,5.8642,93.4978,6.081,90.1926,8.8388,66.3732
537,5.923,92.9122,6.1514,89.466,9.3082,62.2336
538,5.8962,93.4722,6.147,89.6564,9.2088,63.1838
539,5.971,92.6476,6.2072,89.1324,9.598,59.8958
540,5.9278,93.044,6.1512,89.6858,9.3102,62.3532
541,5.4206,97.7534,5.5924,94.7452,5.8448,92.426
542,5.4478,97.1032,5.622,94.0806,6.2312,88.854
543,5.456,97.2638,5.6382,94.1212,6.2292,88.975
544,5.5176,96.956,5.687,94.0722,6.3488,88.2722
545,5.5204,96.679,5.6934,93.7438,6.535,86.4546
546,5.459,97.2618,5.6318,94.2902,6.1524,89.7828
547,5.5344,96.6658,5.705,93.7738,6.5774,86.3306
548,5.587,96.1338,5.7598,93.2468,6.9402,83.087
549,5.6048,95.977,5.7974,92.8028,7.189,80.7174
550,5.605,96.1174,5.807,92.8198,7.2726,80.3378
551,5.635,95.849,5.816,92.8876,7.2256,80.6902
552,5.5488,96.831,5.7158,94.0184,6.4786,87.294
553,5.638,95.842,5.821,92.848,7.2888,80.0198
554,5.6824,95.332,5.861,92.458,7.482,78.368
555,5.6742,95.5762,5.847,92.7632,7.354,79.8624
556,5.7056,95.212,5.913,91.8878,7.8882,74.9508
557,5.836,93.7642,6.0194,90.9288,8.547,69.2292
558,5.7636,94.6558,5.9454,91.7982,8.0204,74.0182
559,5.7128,95.1826,5.8894,92.337,7.6014,77.5244
560,5.7624,94.9434,5.9464,92.0194,7.8868,75.2014
561,5.8068,94.1078,5.9928,91.1938,8.3868,70.6784
562,5.8168,94.284,6.0292,90.9626,8.5784,69.1594
563,5.919,93.1048,6.113,90.1606,9.0822,64.5816
564,5.9098,93.2332,6.1226,90.0002,9.2098,63.5522
565,5.9442,92.7662,6.1378,89.8718,9.2986,62.7654
566,5.918,93.1934,6.106,90.3254,9.0252,65.2732
567,5.9212,93.2122,6.1116,90.3304,8.9766,65.5614
568,5.9348,93.2396,6.1318,90.2604,9.101,64.701
569,5.976,92.8956,6.178,89.867,9.3638,62.3734
570,6.009,92.7934,6.22,89.6628,9.554,60.9128
571,6.0442,92.3734,6.2582,89.2384,9.8386,58.4358
572,5.4492,97.455,5.6196,94.5196,6.1626,89.7522
573,5.4476,97.9122,5.601,95.2264,5.7976,93.3534
574,5.5102,97.155,5.666,94.4842,6.2992,89.0054
575,5.508,97.4766,5.6714,94.7026,6.2264,89.8628
576,5.5588,96.9246,5.7146,94.287,6.5148,87.3716
577,5.534,97.022,5.6916,94.3384,6.4018,88.2086
578,5.5276,97.2142,5.685,94.5288,6.2866,89.1886
579,5.5892,96.5534,5.7418,93.9758,6.7356,85.5258
580,5.6408,96.3718,5.8072,93.6204,7.133,82.292
581,5.6864,95.7674,5.844,93.1834,7.3474,80.4916
582,5.6036,96.645,5.7696,93.8842,6.8314,84.799
583,5.588,96.7598,5.7418,94.1634,6.6458,86.4298
584,5.6666,96.1332,5.826,93.5078,7.1212,82.3876
585,5.6802,95.987,5.8508,93.1978,7.3154,80.6766
586,5.7944,94.5,5.957,91.928,8.3398,71.9088
587,5.7518,95.2314,5.9216,92.5268,7.854,76.2366
588,5.713,95.9384,5.8946,93.0014,7.5074,79.1542
589,5.8644,94.081,6.0354,91.431,8.606,69.7516
590,5.8428,94.1264,6.01,91.517,8.5274,70.364
591,5.8154,94.8448,6.0142,91.7466,8.3622,71.6754
592,5.9046,93.4274,6.085,90.6606,9.1476,65.1034
593,5.8312,94.538,6.0094,91.7528,8.3748,71.6216
594,5.9194,93.4498,6.11,90.5382,9.1662,64.7286
595,5.8488,94.628,6.0402,91.6516,8.514,70.6984
596,5.9284,93.57,6.1028,90.9196,9.0358,66.2842
597,5.9312,93.7992,6.1348,90.681,9.236,64.6422
598,5.9454,93.5604,6.1356,90.6832,9.3052,63.9538
599,5.9574,93.3086,6.131,90.6646,9.3668,63.212
600,5.9462,93.5596,6.126,90.8432,9.051,65.9718
601,6.0338,92.5524,6.2176,89.8196,9.8096,59.3122
602,6.03,92.8634,6.2168,90.0798,9.6148,61.2218
603,6.0448,92.756,6.2444,89.7976,9.8662,59.2608
604,6.0604,92.609,6.2496,89.8036,9.9094,58.7086
605,6.1078,92.4112,6.3176,89.3346,10.2666,55.7148
606,6.048,93.1014,6.2548,90.0418,9.6104,61.1374
607,5.4728,97.803,5.6166,95.2908,5.9082,92.5774
608,5.5618,97.0618,5.7054,94.6376,6.4752,87.6946
609,5.5034,97.679,5.648,95.1808,6.0012,91.8604
610,5.5824,97.0912,5.733,94.5498,6.4948,87.7614
611,5.6128,96.6546,5.765,94.0966,6.7938,85.0914
612,5.5384,97.7114,5.6782,95.2962,6.0498,91.8704
613,5.5284,97.8472,5.6688,95.4198,5.9452,92.7292
614,5.584,97.2336,5.724,94.8486,6.3244,89.4466
615,5.6052,96.9932,5.7482,94.597,6.5274,87.6854
616,5.6488,96.579,5.7932,94.1728,6.8274,85.1506
617,5.6034,97.0084,5.7466,94.5868,6.5388,87.5852
618,5.6422,96.7982,5.7814,94.4726,6.6626,86.7558
619,5.6714,96.389,5.8142,94.0258,7.0014,83.563
620,5.687,96.3962,5.8278,94.0874,6.9554,84.2892
621,5.7296,95.833,5.8858,93.3308,7.5168,79.2388
622,5.8228,94.8166,5.9794,92.3488,8.1146,74.1748
623,5.7318,95.8188,5.885,93.336,7.4304,80.0152
624,5.7616,95.6072,5.918,93.0982,7.6398,78.3944
625,5.7766,95.5836,5.9398,92.982,7.7,77.7662
626,5.8626,94.6946,6.0144,92.3222,8.2452,73.3746
627,5.8628,94.6136,6.0198,92.1566,8.312,72.5992
628,5.8444,95.0268,6.007,92.4796,8.1066,74.4572
629,5.928,93.802,6.0954,91.2458,8.9122,67.4156
630,5.8796,94.7328,6.0306,92.3862,8.2518,73.4428
631,5.9466,93.7688,6.117,91.1772,9.0198,66.664
632,5.9786,93.5032,6.1396,91.0788,9.1214,65.8694
633,5.927,94.1438,6.0798,91.7892,8.701,69.3704
634,6.0412,92.8,6.2046,90.3718,9.6004,61.6922
635,6.0262,93.2872,6.1954,90.7532,9.4578,63.3464
636,6.0164,93.4626,6.188,90.9006,9.3988,64.0082
637,6.0522,92.877,6.2358,90.1248,9.9258,59.0598
638,6.0792,92.6508,6.2462,90.1772,9.8166,60.0898
639,6.0846,92.8116,6.2588,90.2408,9.9644,59.1364
640,6.0588,93.3692,6.2352,90.74,9.585,62.6148
641,6.0924,92.8828,6.2698,90.2762,9.8518,60.166
642,6.1308,92.4988,6.3104,89.8726,10.1866,57.4844
643,6.0954,92.9564,6.2754,90.3038,9.8954,60.0152
644,6.1714,92.211,6.3588,89.503,10.4774,55.0792
645,6.138,92.6248,6.3322,89.783,10.2398,56.9536
646,5.5152,97.865,5.65,95.5256,5.9238,92.8704
647,5.572,97.3962,5.7032,95.1292,6.223,90.341
648,5.6178,97.1882,5.7496,94.9578,6.422,88.8638
649,5.529,98.0186,5.6612,95.7272,5.859,93.7084
650,5.5662,97.7504,5.6976,95.5006,6.0538,92.1148
651,5.5466,97.8558,5.6758,95.603,5.9564,92.8462
652,5.5848,97.5634,5.715,95.3462,6.1588,91.179
653,5.561,98.0436,5.6898,95.8288,5.8906,93.7486
654,5.6204,97.1768,5.7556,94.9234,6.427,88.8222
655,5.6422,96.9978,5.7734,94.8022,6.5312,87.9602
656,5.6262,97.4496,5.764,95.126,6.3626,89.6426
657,5.6908,96.729,5.8294,94.4344,6.8256,85.5342
658,5.801,95.2634,5.9358,93.095,7.6416,78.1684
659,5.6946,96.5266,5.834,94.237,6.91,84.6772
660,5.7312,96.4584,5.8702,94.192,7.0226,83.9282
661,5.7062,96.7598,5.8452,94.4646,6.8412,85.5474
662,5.724,96.4148,5.8518,94.3174,6.9296,84.6954
663,5.7726,95.88,5.915,93.576,7.3834,80.651
664,5.7746,95.965,5.9114,93.7528,7.296,81.5438
665,5.7872,95.9322,5.9202,93.7878,7.3016,81.5862
666,5.8448,95.227,6.0016,92.7572,8.0304,74.9696
667,5.9062,94.7622,6.0576,92.413,8.2276,73.4768
668,5.8724,95.0778,6.0184,92.8062,7.9554,75.862
669,5.9062,94.722,6.0466,92.545,8.23,73.4428
670,5.9758,94.1328,6.1322,91.7388,8.6888,69.531
671,5.9562,94.3854,6.1212,91.8608,8.6014,70.2752
672,5.9674,94.2432,6.1106,92.0452,8.5124,71.113
673,5.9592,94.386,6.1124,92.0392,8.515,71.1022
674,6.0164,93.5088,6.1634,91.282,9.051,66.1822
675,6.0252,93.5906,6.1952,91.0266,9.1464,65.4346
676,6.0422,93.4408,6.202,91.0498,9.1526,65.4584
677,6.0532,93.5756,6.2066,91.2772,9.0734,66.3946
678,6.1242,92.6744,6.2782,90.4226,9.6172,61.5162
679,6.1178,92.567,6.2782,90.1998,9.7048,60.5808
680,6.0816,93.342,6.247,90.8844,9.3534,63.965
681,6.0948,93.325,6.2558,90.9356,9.3496,64.0956
682,6.1152,92.9394,6.2746,90.5992,9.532,62.3976
683,6.1548,92.5386,6.316,90.1846,9.7964,60.0554
684,6.1852,92.4756,6.3562,90.007,9.9882,58.58
685,6.136,92.899,6.3072,90.3748,9.71,60.9008
686,6.1664,93.0412,6.3388,90.5226,9.8022,60.4254
687,6.1562,92.8656,6.3228,90.4182,9.7112,61.062
688,6.2062,92.7192,6.4056,89.8178,10.2768,56.3176
689,6.1996,92.8558,6.3854,90.148,9.9978,58.867
690,5.5698,97.8676,5.6952,95.724,5.9734,93.0194
691,5.5438,98.0166,5.6806,95.6714,5.9588,92.988
692,5.5756,98.0482,5.699,95.918,5.988,93.046
693,5.547,98.1632,5.6714,95.9924,5.7926,94.6298
694,5.5678,97.9116,5.7052,95.5492,6.0594,92.237
695,5.6368,97.4812,5.7632,95.34,6.2742,90.6552
696,5.598,97.7542,5.7232,95.599,6.0788,92.2464
697,5.693,97.075,5.8376,94.6922,6.7602,86.502
698,5.638,97.611,5.7608,95.5498,6.1978,91.4766
699,5.6458,97.6112,5.7668,95.5528,6.296,90.6162
700,5.6056,98.0508,5.726,95.9886,5.9292,93.8906
701,5.6308,97.7708,5.7532,95.691,6.1118,92.2756
702,5.6466,97.6364,5.7704,95.5428,6.2086,91.46
703,5.691,97.388,5.8142,95.3334,6.5154,89.001
704,5.7022,96.915,5.8284,94.8276,6.6734,87.2956
705,5.782,96.52,5.9138,94.3762,7.0826,84.1088
706,5.7136,97.3414,5.8608,94.9334,6.7084,87.3772
707,5.7758,96.2998,5.9086,94.1434,7.169,83.152
708,5.835,95.7836,5.961,93.7788,7.4438,80.815
709,5.7408,96.9388,5.874,94.7646,6.8352,86.3632
710,5.8844,95.373,6.0198,93.2492,7.8288,77.5416
711,5.855,95.6112,5.9996,93.3262,7.9152,76.609
712,5.8918,95.4084,6.0208,93.3834,7.8484,77.5166
713,5.9116,95.1672,6.042,93.127,7.9878,76.4474
714,5.9496,94.7222,6.0914,92.5252,8.3192,73.3942
715,5.877,95.291,6.0108,93.1934,7.819,77.468
716,5.9564,94.9106,6.0964,92.7452,8.2476,74.206
717,5.9496,95.0498,6.0868,92.9274,8.2732,74.0762
718,5.9876,94.4636,6.1384,92.1408,8.6572,70.6736
719,5.9662,94.7562,6.107,92.576,8.3688,73.2192
720,5.9862,94.4826,6.1202,92.4468,8.4586,72.395
721,6.0396,94.0308,6.1884,91.7918,8.9614,68.2252
722,6.0366,94.1534,6.1712,92.1208,8.8602,69.102
723,6.055,93.7938,6.2098,91.4708,9.1038,66.719
724,6.073,93.821,6.2156,91.6932,9.0402,67.6122
725,6.1236,93.273,6.2778,90.9904,9.5744,63.1518
726,6.1302,93.3898,6.2792,91.202,9.4972,64.0388
727,6.1012,93.5054,6.2522,91.2606,9.3586,64.9238
728,6.1412,93.1942,6.2882,91.0486,9.5814,63.2198
729,6.1956,92.7634,6.3504,90.519,9.9848,59.9076
730,6.1866,92.952,6.3524,90.529,10.0328,59.7044
731,6.1618,93.2646,6.318,90.9964,9.7692,62.135
732,6.2178,92.519,6.385,90.1074,10.3146,57.1878
733,6.1728,93.3258,6.3278,91.0474,9.743,62.385
734,6.2448,92.292,6.4052,90.0004,10.5006,55.6282
735,6.2336,92.7912,6.4012,90.3702,10.3078,57.8986
736,6.191,93.2354,6.3494,90.9276,9.8856,61.4078
737,6.2104,92.9,6.368,90.6118,10.0542,59.7648
738,6.2854,92.1676,6.451,89.796,10.6546,54.7412
739,6.2886,92.5416,6.4696,89.9338,10.681,54.8488
740,6.2374,92.771,6.4022,90.3938,10.2364,58.2762
741,5.558,98.3724,5.696,95.9974,5.7936,95.154
742,5.5774,98.2,5.7046,96.0134,5.8054,95.0902
743,5.6156,98.0346,5.7374,95.9456,6.0326,93.349
744,5.5916,98.0628,5.7196,95.8546,5.9096,94.2346
745,5.5768,98.332,5.711,96.0392,5.8162,95.057
746,5.6026,98.1918,5.7258,96.0828,5.8364,95.0072
747,5.6498,97.9464,5.7734,95.845,6.0598,93.3682
748,5.6636,97.768,5.7962,95.5418,6.2658,91.5438
749,5.6284,98.3582,5.7476,96.3212,5.7698,95.9604
750,5.6874,97.6454,5.8098,95.581,6.276,91.6008
751,5.693,97.6178,5.812,95.616,6.3874,90.6452
752,5.6922,97.4532,5.8138,95.3962,6.3774,90.6174
753,5.7136,97.4676,5.8316,95.47,6.396,90.6598
754,5.7582,97.2296,5.8884,95.0922,6.7236,88.0344
755,5.7174,97.2848,5.8372,95.287,6.4916,89.751
756,5.7264,97.3516,5.8588,95.1614,6.5976,88.9368
757,5.7492,97.4922,5.8768,95.3914,6.5392,89.7274
758,5.7786,97.0624,5.8962,95.1312,6.7318,88.0608
759,5.7814,97.047,5.9092,94.957,6.8364,87.1444
760,5.8076,96.6648,5.9302,94.6598,7.0328,85.4212
761,5.7842,96.9058,5.9042,94.925,6.9298,86.2682
762,5.7488,97.4824,5.8638,95.5614,6.4382,90.5722
763,5.829,96.5462,5.952,94.5596,7.1424,84.612
764,5.8998,95.6698,6.0244,93.6956,7.7478,79.4176
765,5.8824,96.1474,6.0164,94.0136,7.564,81.1508
766,5.8382,96.4582,5.9576,94.5308,7.156,84.507
767,5.9558,95.4242,6.0804,93.4944,8.082,76.831
768,5.9646,95.347,6.091,93.3834,8.079,76.9102
769,5.9726,95.1898,6.0988,93.232,8.1814,75.9662
770,6.0184,94.52,6.1444,92.5848,8.59,72.4132
771,6.0348,94.693,6.174,92.5566,8.6956,71.7224
772,6.098,94.0406,6.244,91.8542,9.4018,65.7424
773,6.048,94.3292,6.1776,92.3554,8.7936,70.7862
774,6.0554,94.3986,6.187,92.407,8.8966,69.9936
775,6.0716,94.3186,6.2054,92.302,8.8966,70.0974
776,6.132,93.6022,6.2788,91.426,9.611,63.9802
777,6.0952,93.9436,6.2478,91.6722,9.308,66.4834
778,6.0402,94.6804,6.1698,92.708,8.6086,72.5646
779,6.1618,93.3376,6.31,91.1494,9.717,63.1674
780,6.1314,93.8696,6.2824,91.6242,9.421,65.798
781,6.2024,92.8298,6.3536,90.6154,10.1244,59.701
782,6.1316,93.7368,6.286,91.4324,9.5196,64.8632
783,6.1586,93.6098,6.3112,91.3664,9.6238,64.1194
784,6.2304,92.836,6.3866,90.5678,10.2238,59.0478
785,6.2654,92.7678,6.4322,90.3624,10.4388,57.4924
786,6.245,93.0134,6.419,90.477,10.3304,58.3522
787,6.2106,93.1976,6.3712,90.868,10.0246,60.8422
788,6.2702,92.4824,6.422,90.323,10.4314,57.4222
789,6.2956,92.2602,6.45,90.0612,10.6318,55.7584
790,6.241,93.2302,6.3976,90.9572,10.033,61.0528
791,6.2992,92.546,6.4564,90.2984,10.636,55.9114
792,6.2616,92.975,6.4198,90.6986,10.2388,59.3338
793,6.3306,92.479,6.4982,90.0882,10.748,55.2126
794,6.3438,92.3278,6.5106,89.9566,10.8446,54.3934
795,6.3548,92.5484,6.5308,90.0692,10.838,54.6506
796,6.3328,92.4676,6.4998,90.0978,10.751,55.2138
797,6.3482,92.3736,6.5182,89.9568,10.8428,54.4602
798,6.3438,92.5914,6.5168,90.1434,10.7408,55.4294
799,6.3516,92.6818,6.5256,90.217,10.7444,55.521
800,5.6114,98.2146,5.75,95.843,5.8518,94.9188
801,5.633,98.3594,5.7642,96.0944,5.778,95.8876
802,5.618,98.3572,5.7506,96.0788,5.7674,95.814
803,5.6342,98.2276,5.7682,95.9378,5.8724,94.971
804,5.6382,98.3686,5.7726,96.0864,5.789,95.8094
805,5.6472,98.1924,5.7816,95.9194,5.8912,94.8596
806,5.6404,98.3784,5.7738,96.1008,5.7892,95.8424
807,5.6592,98.3704,5.7916,96.1112,5.81,95.8292
808,5.6478,98.1958,5.7812,95.9304,5.8918,94.861
809,5.6974,98.0692,5.8384,95.699,6.1252,93.2412
810,5.7254,97.7636,5.853,95.6368,6.2382,92.275
811,5.683,98.1944,5.8216,95.8698,6.027,93.9978
812,5.7108,97.9448,5.8398,95.752,6.2304,92.3346
813,5.7496,97.7582,5.8768,95.6214,6.2614,92.3182
814,5.7316,97.7776,5.8612,95.6046,6.2416,92.3502
815,5.7758,97.3516,5.905,95.207,6.5528,89.7722
816,5.7882,97.2156,5.928,94.915,6.7578,88.0094
817,5.7852,97.3736,5.9168,95.2098,6.6616,88.9292
818,5.8348,96.7662,5.9754,94.5112,7.073,85.4166
819,5.845,96.8044,5.9756,94.6922,6.9824,86.3304
820,5.799,97.3374,5.9228,95.288,6.5782,89.7482
821,5.817,97.0456,5.9446,94.9634,6.7758,88.0236
822,5.8532,96.813,5.983,94.7294,6.9938,86.3024
823,5.8746,96.6118,6.011,94.4156,7.3032,83.6624
824,5.8434,97.1172,5.9714,95.04,6.8026,88.037
825,5.9288,96.3152,6.0622,94.2156,7.419,82.9848
826,5.8974,96.5284,6.0262,94.4612,7.2154,84.618
827,5.9878,95.545,6.119,93.4948,7.9312,78.624
828,5.9308,96.2656,6.07,94.0746,7.5232,82.0672
829,6.0436,94.7684,6.1738,92.7686,8.4466,74.2042
830,6.0296,95.1274,6.1626,93.0954,8.2414,76.0212
831,5.9514,96.2158,6.0754,94.2554,7.4484,82.888
832,5.9506,96.0894,6.0874,93.9286,7.7368,80.2866
833,6.0452,95.1118,6.2032,92.7072,8.5406,73.5278
834,6.0652,94.9018,6.22,92.5402,8.7516,71.772
835,6.1386,94.0786,6.2942,91.7546,9.2712,67.4562
836,6.097,94.5296,6.2366,92.4362,8.7534,71.8172
837,6.1002,94.4798,6.2448,92.2936,8.8572,70.9096
838,6.1638,93.9304,6.3084,91.7778,9.2712,67.572
839,6.1278,94.198,6.2634,92.164,8.9648,70.065
840,6.1282,94.4528,6.2666,92.371,8.874,70.9934
841,6.1472,94.1728,6.3078,91.784,9.2808,67.5056
842,6.1278,94.5822,6.2734,92.4126,8.8648,71.1706
843,6.208,93.4734,6.35,91.3748,9.5752,65.0582
844,6.2562,92.9632,6.4052,90.8084,10.0802,60.776
845,6.2228,93.4108,6.3696,91.273,9.6882,64.1814
846,6.2562,93.2862,6.4074,91.0862,9.9812,61.8276
847,6.291,92.7256,6.4468,90.4892,10.2774,59.2432
848,6.3124,92.6624,6.4718,90.3902,10.3828,58.4778
849,6.2446,93.4128,6.4062,91.0756,9.8788,62.688
850,6.3368,92.6666,6.502,90.3198,10.5,57.7154
851,6.294,92.9288,6.4504,90.6822,10.2152,60.0514
852,6.2984,92.9966,6.4584,90.7064,10.191,60.2214
853,6.306,92.7692,6.4632,90.5242,10.289,59.3014
854,6.3464,92.448,6.5096,90.1532,10.5906,56.8578
855,6.3594,92.6046,6.5258,90.2492,10.606,56.9658
856,6.3562,92.568,6.5188,90.255,10.593,56.9878
857,6.3508,92.4906,6.515,90.1628,10.5968,56.8682
858,6.3558,92.5604,6.521,90.2134,10.617,56.8672
859,6.3678,92.7858,6.54,90.3428,10.5948,57.2038
860,6.4136,92.2256,6.5918,89.739,11.0002,53.7772
861,6.3482,93.015,6.5298,90.4526,10.5008,58.0048
862,6.359,92.5622,6.5342,90.0724,10.7112,56.0482
863,6.3888,92.7374,6.5674,90.2136,10.7098,56.404
864,6.4188,92.5422,6.602,89.99,10.903,54.8578
865,6.437,92.5536,6.6242,89.9234,11.015,54.0864
866,6.4004,92.8152,6.5786,90.287,10.7048,56.5692
867,6.4216,92.5706,6.603,90.0208,10.9138,54.841
868,6.4568,92.8042,6.6522,90.0858,11.013,54.4172
869,6.4358,92.4788,6.6214,89.9002,11.0188,54.0268
870,5.652,98.3498,5.8122,95.6358,5.7994,95.8542
871,5.6716,98.3586,5.8312,95.6664,5.8158,95.9048
872,5.669,98.2124,5.828,95.5316,5.9096,94.9356
873,5.6886,98.2094,5.8486,95.5336,5.926,94.9992
874,5.6586,98.373,5.82,95.646,5.8104,95.8064
875,5.701,98.2152,5.8594,95.578,5.9416,94.9744
876,5.7152,98.2308,5.8722,95.607,5.951,95.0476
877,5.7012,98.3596,5.8548,95.7648,5.8484,95.873
878,5.6958,98.3798,5.8526,95.7372,5.8484,95.8104
879,5.7034,98.3712,5.8592,95.7534,5.8528,95.8522
880,5.6842,98.3572,5.8422,95.697,5.8356,95.8136
881,5.7658,97.9672,5.9214,95.3858,6.1824,93.3228
882,5.721,98.074,5.8884,95.3116,6.153,93.213
883,5.7952,97.6482,5.948,95.1264,6.3882,91.6034
884,5.7558,98.0862,5.9086,95.5422,6.0834,94.1582
885,5.8182,97.6746,5.9714,95.1648,6.4142,91.6064
886,5.774,98.0978,5.9268,95.5676,6.1006,94.2118
887,5.7546,98.219,5.9048,95.6946,5.9918,95.0408
888,5.8334,97.5288,5.987,95.0462,6.5192,90.7306
889,5.8154,97.6662,5.9692,95.1634,6.519,90.7216
890,5.8018,97.9388,5.9524,95.4642,6.2202,93.2956
891,5.8414,97.6342,5.9888,95.2308,6.4388,91.5854
892,5.8772,97.2366,6.038,94.6642,6.9446,87.278
893,5.8708,97.0566,6.0224,94.6192,6.8296,88.0806
894,5.8848,97.2272,6.044,94.6794,6.8506,88.1674
895,5.856,97.5014,6.0034,95.0944,6.5438,90.7042
896,5.8446,97.6488,5.9942,95.2104,6.445,91.5382
897,5.8964,96.9296,6.0474,94.4924,6.9466,87.2206
898,5.9758,96.0688,6.1268,93.6824,7.5598,82.104
899,5.9798,96.5258,6.1264,94.202,7.2924,84.773
900,5.877,97.5188,6.0242,95.1324,6.665,89.8754
901,6.066,95.441,6.2306,92.9322,8.1944,77.0562
902,6.0142,96.1912,6.1772,93.6624,7.6932,81.374
903,5.9024,97.2136,6.0716,94.5272,6.9702,87.2734
904,6.0396,95.7438,6.2058,93.2042,8.0896,77.9056
905,6.0048,96.1942,6.1698,93.642,7.6888,81.3386
906,6.0372,95.9704,6.1962,93.5382,7.8064,80.5072
907,6.0816,95.5012,6.2348,93.146,8.108,77.9832
908,6.1072,94.878,6.266,92.4798,8.496,74.4756
909,6.153,94.6602,6.3198,92.1614,8.916,71.1218
910,6.0702,95.6342,6.2256,93.261,8.111,77.9392
911,6.0954,95.3608,6.2612,92.8488,8.4136,75.3772
912,6.1394,94.838,6.2996,92.4404,8.6122,73.7416
913,6.1568,94.7492,6.3186,92.3338,8.7204,72.8748
914,6.1532,94.6538,6.311,92.2918,8.7156,72.8634
915,6.2418,93.699,6.4162,91.1718,9.6414,65.101
916,6.2122,94.1928,6.3764,91.7956,9.232,68.6334
917,6.2346,93.8752,6.397,91.4968,9.3438,67.698
